region_id,prov_id,mun_city_id,barangay_id,psgc_id,location_desc,correspondence_code,geographic_level,old_names,city_class,income_classification,urban_rural
16.0,0.0,0.0,0.0,1600000000.0,Region XIII (Caraga),160000000.0,Reg,,,,
16.0,2.0,0.0,0.0,1600200000.0,Agusan del Norte,160200000.0,Prov,,,3rd,
16.0,2.0,1.0,0.0,1600201000.0,Buenavista,160201000.0,Mun,,,1st,
16.0,2.0,1.0,1.0,1600201001.0,Abilan,160201001.0,Bgy,,,,R
16.0,2.0,1.0,2.0,1600201002.0,Agong-ong,160201002.0,Bgy,,,,R
16.0,2.0,1.0,3.0,1600201003.0,Alubijid,160201003.0,Bgy,,,,R
16.0,2.0,1.0,4.0,1600201004.0,Guinabsan,160201004.0,Bgy,,,,R
16.0,2.0,1.0,7.0,1600201007.0,Macalang,160201007.0,Bgy,,,,R
16.0,2.0,1.0,8.0,1600201008.0,Malapong,160201008.0,Bgy,,,,R
16.0,2.0,1.0,9.0,1600201009.0,Malpoc,160201009.0,Bgy,,,,R
16.0,2.0,1.0,10.0,1600201010.0,Manapa,160201010.0,Bgy,,,,U
16.0,2.0,1.0,11.0,1600201011.0,Matabao,160201011.0,Bgy,,,,U
16.0,2.0,1.0,13.0,1600201013.0,Poblacion 1,160201013.0,Bgy,,,,R
16.0,2.0,1.0,14.0,1600201014.0,Poblacion 2,160201014.0,Bgy,,,,U
16.0,2.0,1.0,15.0,1600201015.0,Poblacion 3,160201015.0,Bgy,,,,U
16.0,2.0,1.0,16.0,1600201016.0,Poblacion 4,160201016.0,Bgy,,,,R
16.0,2.0,1.0,17.0,1600201017.0,Poblacion 5,160201017.0,Bgy,,,,R
16.0,2.0,1.0,18.0,1600201018.0,Poblacion 6,160201018.0,Bgy,,,,R
16.0,2.0,1.0,19.0,1600201019.0,Poblacion 7,160201019.0,Bgy,,,,R
16.0,2.0,1.0,20.0,1600201020.0,Poblacion 8,160201020.0,Bgy,,,,R
16.0,2.0,1.0,21.0,1600201021.0,Poblacion 9,160201021.0,Bgy,,,,R
16.0,2.0,1.0,22.0,1600201022.0,Poblacion 10,160201022.0,Bgy,,,,R
16.0,2.0,1.0,23.0,1600201023.0,Rizal,160201023.0,Bgy,,,,R
16.0,2.0,1.0,24.0,1600201024.0,Sacol,160201024.0,Bgy,,,,R
16.0,2.0,1.0,25.0,1600201025.0,Sangay,160201025.0,Bgy,,,,R
16.0,2.0,1.0,26.0,1600201026.0,Talo-ao,160201026.0,Bgy,,,,R
16.0,2.0,1.0,27.0,1600201027.0,Lower Olave,160201027.0,Bgy,,,,R
16.0,2.0,1.0,28.0,1600201028.0,Simbalan,160201028.0,Bgy,,,,U
16.0,2.0,3.0,0.0,1600203000.0,City of Cabadbaran,160203000.0,City,,CC,6th,
16.0,2.0,3.0,2.0,1600203002.0,Antonio Luna,160203002.0,Bgy,,,,R
16.0,2.0,3.0,5.0,1600203005.0,Bay-ang,160203005.0,Bgy,,,,R
16.0,2.0,3.0,6.0,1600203006.0,Bayabas,160203006.0,Bgy,,,,R
16.0,2.0,3.0,7.0,1600203007.0,Caasinan,160203007.0,Bgy,,,,R
16.0,2.0,3.0,9.0,1600203009.0,Cabinet,160203009.0,Bgy,,,,R
16.0,2.0,3.0,10.0,1600203010.0,Calamba,160203010.0,Bgy,,,,R
16.0,2.0,3.0,11.0,1600203011.0,Calibunan,160203011.0,Bgy,,,,R
16.0,2.0,3.0,12.0,1600203012.0,Comagascas,160203012.0,Bgy,,,,R
16.0,2.0,3.0,13.0,1600203013.0,Concepcion,160203013.0,Bgy,,,,R
16.0,2.0,3.0,14.0,1600203014.0,Del Pilar,160203014.0,Bgy,,,,U
16.0,2.0,3.0,16.0,1600203016.0,Katugasan,160203016.0,Bgy,,,,R
16.0,2.0,3.0,17.0,1600203017.0,Kauswagan,160203017.0,Bgy,,,,R
16.0,2.0,3.0,18.0,1600203018.0,La Union,160203018.0,Bgy,,,,U
16.0,2.0,3.0,19.0,1600203019.0,Mabini,160203019.0,Bgy,,,,U
16.0,2.0,3.0,21.0,1600203021.0,Poblacion 1,160203021.0,Bgy,,,,R
16.0,2.0,3.0,22.0,1600203022.0,Poblacion 10,160203022.0,Bgy,,,,R
16.0,2.0,3.0,23.0,1600203023.0,Poblacion 11,160203023.0,Bgy,,,,U
16.0,2.0,3.0,24.0,1600203024.0,Poblacion 12,160203024.0,Bgy,,,,R
16.0,2.0,3.0,25.0,1600203025.0,Poblacion 2,160203025.0,Bgy,,,,R
16.0,2.0,3.0,26.0,1600203026.0,Poblacion 3,160203026.0,Bgy,,,,R
16.0,2.0,3.0,27.0,1600203027.0,Poblacion 4,160203027.0,Bgy,,,,U
16.0,2.0,3.0,28.0,1600203028.0,Poblacion 5,160203028.0,Bgy,,,,U
16.0,2.0,3.0,29.0,1600203029.0,Poblacion 6,160203029.0,Bgy,,,,R
16.0,2.0,3.0,30.0,1600203030.0,Poblacion 7,160203030.0,Bgy,,,,R
16.0,2.0,3.0,31.0,1600203031.0,Poblacion 8,160203031.0,Bgy,,,,U
16.0,2.0,3.0,32.0,1600203032.0,Poblacion 9,160203032.0,Bgy,,,,U
16.0,2.0,3.0,33.0,1600203033.0,Puting Bato,160203033.0,Bgy,,,,R
16.0,2.0,3.0,37.0,1600203037.0,Sanghan,160203037.0,Bgy,,,,R
16.0,2.0,3.0,38.0,1600203038.0,Soriano,160203038.0,Bgy,,,,U
16.0,2.0,3.0,40.0,1600203040.0,Tolosa,160203040.0,Bgy,,,,U
16.0,2.0,3.0,41.0,1600203041.0,Mahaba,160203041.0,Bgy,,,,R
16.0,2.0,4.0,0.0,1600204000.0,Carmen,160204000.0,Mun,,,4th,
16.0,2.0,4.0,1.0,1600204001.0,Cahayagan,160204001.0,Bgy,,,,R
16.0,2.0,4.0,2.0,1600204002.0,Gosoon,160204002.0,Bgy,,,,R
16.0,2.0,4.0,4.0,1600204004.0,Manoligao,160204004.0,Bgy,,,,R
16.0,2.0,4.0,9.0,1600204009.0,Poblacion,160204009.0,Bgy,Carmen,,,U
16.0,2.0,4.0,10.0,1600204010.0,Rojales,160204010.0,Bgy,,,,R
16.0,2.0,4.0,11.0,1600204011.0,San Agustin,160204011.0,Bgy,,,,R
16.0,2.0,4.0,12.0,1600204012.0,Tagcatong,160204012.0,Bgy,,,,R
16.0,2.0,4.0,14.0,1600204014.0,Vinapor,160204014.0,Bgy,,,,R
16.0,2.0,5.0,0.0,1600205000.0,Jabonga,160205000.0,Mun,,,3rd,
16.0,2.0,5.0,1.0,1600205001.0,Baleguian,160205001.0,Bgy,,,,R
16.0,2.0,5.0,2.0,1600205002.0,Bangonay,160205002.0,Bgy,,,,R
16.0,2.0,5.0,3.0,1600205003.0,A. Beltran,160205003.0,Bgy,Camalig,,,R
16.0,2.0,5.0,4.0,1600205004.0,Bunga,160205004.0,Bgy,,,,R
16.0,2.0,5.0,5.0,1600205005.0,Colorado,160205005.0,Bgy,,,,R
16.0,2.0,5.0,6.0,1600205006.0,Cuyago,160205006.0,Bgy,,,,R
16.0,2.0,5.0,7.0,1600205007.0,Libas,160205007.0,Bgy,,,,R
16.0,2.0,5.0,8.0,1600205008.0,Magdagooc,160205008.0,Bgy,,,,R
16.0,2.0,5.0,9.0,1600205009.0,Magsaysay,160205009.0,Bgy,,,,R
16.0,2.0,5.0,10.0,1600205010.0,Maraiging,160205010.0,Bgy,,,,R
16.0,2.0,5.0,11.0,1600205011.0,Poblacion,160205011.0,Bgy,Jabonga,,,R
16.0,2.0,5.0,12.0,1600205012.0,San Jose,160205012.0,Bgy,,,,R
16.0,2.0,5.0,13.0,1600205013.0,San Pablo,160205013.0,Bgy,,,,R
16.0,2.0,5.0,14.0,1600205014.0,San Vicente,160205014.0,Bgy,,,,R
16.0,2.0,5.0,15.0,1600205015.0,Santo Niño,160205015.0,Bgy,,,,R
16.0,2.0,6.0,0.0,1600206000.0,Kitcharao,160206000.0,Mun,,,4th,
16.0,2.0,6.0,1.0,1600206001.0,Bangayan,160206001.0,Bgy,,,,R
16.0,2.0,6.0,2.0,1600206002.0,Canaway,160206002.0,Bgy,,,,R
16.0,2.0,6.0,3.0,1600206003.0,Hinimbangan,160206003.0,Bgy,,,,R
16.0,2.0,6.0,4.0,1600206004.0,Jaliobong,160206004.0,Bgy,,,,R
16.0,2.0,6.0,5.0,1600206005.0,Mahayahay,160206005.0,Bgy,,,,R
16.0,2.0,6.0,6.0,1600206006.0,Poblacion,160206006.0,Bgy,,,,R
16.0,2.0,6.0,7.0,1600206007.0,San Isidro,160206007.0,Bgy,,,,R
16.0,2.0,6.0,8.0,1600206008.0,San Roque,160206008.0,Bgy,,,,R
16.0,2.0,6.0,9.0,1600206009.0,Sangay,160206009.0,Bgy,,,,R
16.0,2.0,6.0,10.0,1600206010.0,Crossing,160206010.0,Bgy,,,,U
16.0,2.0,6.0,11.0,1600206011.0,Songkoy,160206011.0,Bgy,,,,R
16.0,2.0,7.0,0.0,1600207000.0,Las Nieves,160207000.0,Mun,,,2nd,
16.0,2.0,7.0,1.0,1600207001.0,Ambacon,160207001.0,Bgy,,,,R
16.0,2.0,7.0,2.0,1600207002.0,Bonifacio,160207002.0,Bgy,,,,R
16.0,2.0,7.0,3.0,1600207003.0,Consorcia,160207003.0,Bgy,,,,R
16.0,2.0,7.0,4.0,1600207004.0,Katipunan,160207004.0,Bgy,,,,R
16.0,2.0,7.0,5.0,1600207005.0,Lingayao,160207005.0,Bgy,,,,R
16.0,2.0,7.0,6.0,1600207006.0,Malicato,160207006.0,Bgy,,,,R
16.0,2.0,7.0,7.0,1600207007.0,Maningalao,160207007.0,Bgy,,,,R
16.0,2.0,7.0,8.0,1600207008.0,Marcos Calo,160207008.0,Bgy,,,,R
16.0,2.0,7.0,9.0,1600207009.0,Mat-i,160207009.0,Bgy,,,,R
16.0,2.0,7.0,10.0,1600207010.0,Pinana-an,160207010.0,Bgy,,,,R
16.0,2.0,7.0,11.0,1600207011.0,Poblacion,160207011.0,Bgy,,,,R
16.0,2.0,7.0,13.0,1600207013.0,San Isidro,160207013.0,Bgy,,,,R
16.0,2.0,7.0,14.0,1600207014.0,Tinucoran,160207014.0,Bgy,,,,R
16.0,2.0,7.0,15.0,1600207015.0,Balungagan,160207015.0,Bgy,,,,R
16.0,2.0,7.0,16.0,1600207016.0,Eduardo G. Montilla,160207016.0,Bgy,Camboayon,,,R
16.0,2.0,7.0,17.0,1600207017.0,Durian,160207017.0,Bgy,,,,R
16.0,2.0,7.0,18.0,1600207018.0,Ibuan,160207018.0,Bgy,,,,R
16.0,2.0,7.0,19.0,1600207019.0,Rosario,160207019.0,Bgy,,,,R
16.0,2.0,7.0,20.0,1600207020.0,San Roque,160207020.0,Bgy,,,,R
16.0,2.0,7.0,21.0,1600207021.0,Casiklan,160207021.0,Bgy,,,,R
16.0,2.0,8.0,0.0,1600208000.0,Magallanes,160208000.0,Mun,,,4th,
16.0,2.0,8.0,1.0,1600208001.0,Buhang,160208001.0,Bgy,,,,R
16.0,2.0,8.0,2.0,1600208002.0,Caloc-an,160208002.0,Bgy,,,,U
16.0,2.0,8.0,3.0,1600208003.0,Guiasan,160208003.0,Bgy,,,,R
16.0,2.0,8.0,5.0,1600208005.0,Poblacion,160208005.0,Bgy,,,,R
16.0,2.0,8.0,8.0,1600208008.0,Taod-oy,160208008.0,Bgy,,,,R
16.0,2.0,8.0,9.0,1600208009.0,Marcos,160208009.0,Bgy,,,,U
16.0,2.0,8.0,10.0,1600208010.0,Santo Niño,160208010.0,Bgy,,,,R
16.0,2.0,8.0,11.0,1600208011.0,Santo Rosario,160208011.0,Bgy,,,,R
16.0,2.0,9.0,0.0,1600209000.0,Nasipit,160209000.0,Mun,,,3rd,
16.0,2.0,9.0,1.0,1600209001.0,Aclan,160209001.0,Bgy,,,,R
16.0,2.0,9.0,2.0,1600209002.0,Amontay,160209002.0,Bgy,,,,U
16.0,2.0,9.0,4.0,1600209004.0,Ata-atahon,160209004.0,Bgy,,,,R
16.0,2.0,9.0,5.0,1600209005.0,Camagong,160209005.0,Bgy,,,,U
16.0,2.0,9.0,6.0,1600209006.0,Cubi-cubi,160209006.0,Bgy,,,,R
16.0,2.0,9.0,7.0,1600209007.0,Culit,160209007.0,Bgy,,,,R
16.0,2.0,9.0,8.0,1600209008.0,Jaguimitan,160209008.0,Bgy,,,,R
16.0,2.0,9.0,9.0,1600209009.0,Kinabjangan,160209009.0,Bgy,,,,R
16.0,2.0,9.0,10.0,1600209010.0,Barangay 1 ,160209010.0,Bgy,,,,R
16.0,2.0,9.0,11.0,1600209011.0,Barangay 2 ,160209011.0,Bgy,,,,R
16.0,2.0,9.0,12.0,1600209012.0,Barangay 3 ,160209012.0,Bgy,,,,R
16.0,2.0,9.0,13.0,1600209013.0,Barangay 4 ,160209013.0,Bgy,,,,U
16.0,2.0,9.0,14.0,1600209014.0,Barangay 5 ,160209014.0,Bgy,,,,U
16.0,2.0,9.0,15.0,1600209015.0,Barangay 6 ,160209015.0,Bgy,,,,R
16.0,2.0,9.0,16.0,1600209016.0,Barangay 7 ,160209016.0,Bgy,,,,U
16.0,2.0,9.0,17.0,1600209017.0,Punta,160209017.0,Bgy,,,,R
16.0,2.0,9.0,18.0,1600209018.0,Santa Ana,160209018.0,Bgy,,,,R
16.0,2.0,9.0,19.0,1600209019.0,Talisay,160209019.0,Bgy,,,,U
16.0,2.0,9.0,20.0,1600209020.0,Triangulo,160209020.0,Bgy,,,,U
16.0,2.0,10.0,0.0,1600210000.0,Santiago,160210000.0,Mun,,,4th,
16.0,2.0,10.0,2.0,1600210002.0,Curva,160210002.0,Bgy,,,,R
16.0,2.0,10.0,3.0,1600210003.0,Jagupit,160210003.0,Bgy,,,,R
16.0,2.0,10.0,5.0,1600210005.0,La Paz,160210005.0,Bgy,,,,R
16.0,2.0,10.0,7.0,1600210007.0,Poblacion I,160210007.0,Bgy,,,,U
16.0,2.0,10.0,8.0,1600210008.0,San Isidro,160210008.0,Bgy,,,,R
16.0,2.0,10.0,9.0,1600210009.0,Tagbuyacan,160210009.0,Bgy,,,,R
16.0,2.0,10.0,10.0,1600210010.0,Estanislao Morgado,160210010.0,Bgy,,,,R
16.0,2.0,10.0,11.0,1600210011.0,Poblacion II,160210011.0,Bgy,,,,R
16.0,2.0,10.0,12.0,1600210012.0,Pangaylan-IP,160210012.0,Bgy,,,,R
16.0,2.0,11.0,0.0,1600211000.0,Tubay,160211000.0,Mun,,,4th,
16.0,2.0,11.0,1.0,1600211001.0,Binuangan,160211001.0,Bgy,,,,R
16.0,2.0,11.0,2.0,1600211002.0,Cabayawa,160211002.0,Bgy,,,,R
16.0,2.0,11.0,3.0,1600211003.0,Doña Rosario,160211003.0,Bgy,,,,R
16.0,2.0,11.0,4.0,1600211004.0,La Fraternidad,160211004.0,Bgy,,,,U
16.0,2.0,11.0,5.0,1600211005.0,Lawigan,160211005.0,Bgy,,,,R
16.0,2.0,11.0,6.0,1600211006.0,Poblacion 1,160211006.0,Bgy,,,,R
16.0,2.0,11.0,7.0,1600211007.0,Poblacion 2,160211007.0,Bgy,,,,R
16.0,2.0,11.0,8.0,1600211008.0,Santa Ana,160211008.0,Bgy,,,,R
16.0,2.0,11.0,9.0,1600211009.0,Tagmamarkay,160211009.0,Bgy,,,,R
16.0,2.0,11.0,10.0,1600211010.0,Tagpangahoy,160211010.0,Bgy,,,,R
16.0,2.0,11.0,11.0,1600211011.0,Tinigbasan,160211011.0,Bgy,,,,R
16.0,2.0,11.0,12.0,1600211012.0,Victory,160211012.0,Bgy,,,,R
16.0,2.0,11.0,13.0,1600211013.0,Doña Telesfora,160211013.0,Bgy,,,,R
16.0,2.0,12.0,0.0,1600212000.0,Remedios T. Romualdez,160212000.0,Mun,,,5th,
16.0,2.0,12.0,1.0,1600212001.0,Poblacion I,160212001.0,Bgy,Agay,,,R
16.0,2.0,12.0,2.0,1600212002.0,Balangbalang,160212002.0,Bgy,,,,R
16.0,2.0,12.0,3.0,1600212003.0,Basilisa,160212003.0,Bgy,,,,R
16.0,2.0,12.0,4.0,1600212004.0,Humilog,160212004.0,Bgy,,,,R
16.0,2.0,12.0,5.0,1600212005.0,Panaytayon,160212005.0,Bgy,,,,R
16.0,2.0,12.0,6.0,1600212006.0,San Antonio,160212006.0,Bgy,,,,R
16.0,2.0,12.0,7.0,1600212007.0,Tagbongabong,160212007.0,Bgy,,,,R
16.0,2.0,12.0,8.0,1600212008.0,Poblacion II,160212008.0,Bgy,,,,R
16.0,3.0,0.0,0.0,1600300000.0,Agusan del Sur,160300000.0,Prov,,,1st,
16.0,3.0,1.0,0.0,1600301000.0,City of Bayugan,160301000.0,City,,CC,5th,
16.0,3.0,1.0,1.0,1600301001.0,Calaitan,160301001.0,Bgy,,,,R
16.0,3.0,1.0,2.0,1600301002.0,Charito,160301002.0,Bgy,,,,R
16.0,3.0,1.0,3.0,1600301003.0,Fili,160301003.0,Bgy,,,,R
16.0,3.0,1.0,4.0,1600301004.0,Hamogaway,160301004.0,Bgy,,,,R
16.0,3.0,1.0,6.0,1600301006.0,Katipunan,160301006.0,Bgy,,,,R
16.0,3.0,1.0,7.0,1600301007.0,Mabuhay,160301007.0,Bgy,,,,R
16.0,3.0,1.0,9.0,1600301009.0,Marcelina,160301009.0,Bgy,,,,R
16.0,3.0,1.0,10.0,1600301010.0,Maygatasan,160301010.0,Bgy,,,,U
16.0,3.0,1.0,11.0,1600301011.0,Noli,160301011.0,Bgy,,,,R
16.0,3.0,1.0,13.0,1600301013.0,Osmeña,160301013.0,Bgy,,,,R
16.0,3.0,1.0,14.0,1600301014.0,Panaytay,160301014.0,Bgy,,,,R
16.0,3.0,1.0,16.0,1600301016.0,Poblacion,160301016.0,Bgy,,,,U
16.0,3.0,1.0,17.0,1600301017.0,Sagmone,160301017.0,Bgy,,,,R
16.0,3.0,1.0,18.0,1600301018.0,Saguma,160301018.0,Bgy,,,,R
16.0,3.0,1.0,19.0,1600301019.0,Salvacion,160301019.0,Bgy,,,,U
16.0,3.0,1.0,20.0,1600301020.0,San Isidro,160301020.0,Bgy,,,,R
16.0,3.0,1.0,23.0,1600301023.0,Santa Irene,160301023.0,Bgy,,,,R
16.0,3.0,1.0,24.0,1600301024.0,Taglatawan,160301024.0,Bgy,,,,U
16.0,3.0,1.0,25.0,1600301025.0,Verdu,160301025.0,Bgy,,,,R
16.0,3.0,1.0,27.0,1600301027.0,Wawa,160301027.0,Bgy,,,,R
16.0,3.0,1.0,28.0,1600301028.0,Berseba,160301028.0,Bgy,,,,R
16.0,3.0,1.0,29.0,1600301029.0,Bucac,160301029.0,Bgy,,,,R
16.0,3.0,1.0,30.0,1600301030.0,Cagbas,160301030.0,Bgy,,,,U
16.0,3.0,1.0,31.0,1600301031.0,Canayugan,160301031.0,Bgy,,,,R
16.0,3.0,1.0,32.0,1600301032.0,Claro Cortez,160301032.0,Bgy,,,,R
16.0,3.0,1.0,33.0,1600301033.0,Gamao,160301033.0,Bgy,,,,R
16.0,3.0,1.0,34.0,1600301034.0,Getsemane,160301034.0,Bgy,,,,R
16.0,3.0,1.0,35.0,1600301035.0,Grace Estate,160301035.0,Bgy,,,,R
16.0,3.0,1.0,36.0,1600301036.0,Magkiangkang,160301036.0,Bgy,,,,R
16.0,3.0,1.0,37.0,1600301037.0,Mahayag,160301037.0,Bgy,,,,R
16.0,3.0,1.0,38.0,1600301038.0,Montivesta,160301038.0,Bgy,,,,R
16.0,3.0,1.0,39.0,1600301039.0,Mt. Ararat,160301039.0,Bgy,,,,R
16.0,3.0,1.0,40.0,1600301040.0,Mt. Carmel,160301040.0,Bgy,,,,R
16.0,3.0,1.0,41.0,1600301041.0,Mt. Olive,160301041.0,Bgy,,,,R
16.0,3.0,1.0,42.0,1600301042.0,New Salem,160301042.0,Bgy,,,,R
16.0,3.0,1.0,43.0,1600301043.0,Pinagalaan,160301043.0,Bgy,,,,R
16.0,3.0,1.0,44.0,1600301044.0,San Agustin,160301044.0,Bgy,,,,R
16.0,3.0,1.0,45.0,1600301045.0,San Juan,160301045.0,Bgy,,,,R
16.0,3.0,1.0,46.0,1600301046.0,Santa Teresita,160301046.0,Bgy,,,,R
16.0,3.0,1.0,47.0,1600301047.0,Santo Niño,160301047.0,Bgy,,,,R
16.0,3.0,1.0,48.0,1600301048.0,Taglibas,160301048.0,Bgy,,,,R
16.0,3.0,1.0,49.0,1600301049.0,Tagubay,160301049.0,Bgy,,,,R
16.0,3.0,1.0,50.0,1600301050.0,Villa Undayon,160301050.0,Bgy,,,,R
16.0,3.0,2.0,0.0,1600302000.0,Bunawan,160302000.0,Mun,,,1st,
16.0,3.0,2.0,1.0,1600302001.0,Bunawan Brook,160302001.0,Bgy,,,,U
16.0,3.0,2.0,2.0,1600302002.0,Consuelo,160302002.0,Bgy,,,,U
16.0,3.0,2.0,3.0,1600302003.0,Libertad,160302003.0,Bgy,,,,U
16.0,3.0,2.0,4.0,1600302004.0,Mambalili,160302004.0,Bgy,,,,R
16.0,3.0,2.0,5.0,1600302005.0,Poblacion,160302005.0,Bgy,,,,R
16.0,3.0,2.0,6.0,1600302006.0,San Andres,160302006.0,Bgy,,,,R
16.0,3.0,2.0,7.0,1600302007.0,San Marcos,160302007.0,Bgy,,,,R
16.0,3.0,2.0,8.0,1600302008.0,Imelda,160302008.0,Bgy,,,,R
16.0,3.0,2.0,9.0,1600302009.0,Nueva Era,160302009.0,Bgy,,,,R
16.0,3.0,2.0,10.0,1600302010.0,San Teodoro,160302010.0,Bgy,,,,U
16.0,3.0,3.0,0.0,1600303000.0,Esperanza,160303000.0,Mun,,,1st,
16.0,3.0,3.0,1.0,1600303001.0,Anolingan,160303001.0,Bgy,,,,R
16.0,3.0,3.0,2.0,1600303002.0,Bakingking,160303002.0,Bgy,,,,R
16.0,3.0,3.0,3.0,1600303003.0,Bentahon,160303003.0,Bgy,,,,R
16.0,3.0,3.0,4.0,1600303004.0,Bunaguit,160303004.0,Bgy,,,,R
16.0,3.0,3.0,6.0,1600303006.0,Catmonon,160303006.0,Bgy,,,,R
16.0,3.0,3.0,7.0,1600303007.0,Concordia,160303007.0,Bgy,,,,R
16.0,3.0,3.0,8.0,1600303008.0,Dakutan,160303008.0,Bgy,,,,R
16.0,3.0,3.0,9.0,1600303009.0,Duangan,160303009.0,Bgy,,,,R
16.0,3.0,3.0,10.0,1600303010.0,Mac-Arthur,160303010.0,Bgy,,,,R
16.0,3.0,3.0,11.0,1600303011.0,Guadalupe,160303011.0,Bgy,,,,R
16.0,3.0,3.0,12.0,1600303012.0,Hawilian,160303012.0,Bgy,,,,R
16.0,3.0,3.0,13.0,1600303013.0,Labao,160303013.0,Bgy,,,,R
16.0,3.0,3.0,14.0,1600303014.0,Maasin,160303014.0,Bgy,,,,R
16.0,3.0,3.0,15.0,1600303015.0,Mahagcot,160303015.0,Bgy,,,,R
16.0,3.0,3.0,16.0,1600303016.0,Milagros,160303016.0,Bgy,,,,R
16.0,3.0,3.0,17.0,1600303017.0,Nato,160303017.0,Bgy,,,,R
16.0,3.0,3.0,18.0,1600303018.0,Oro,160303018.0,Bgy,,,,R
16.0,3.0,3.0,19.0,1600303019.0,Poblacion,160303019.0,Bgy,,,,U
16.0,3.0,3.0,20.0,1600303020.0,Remedios,160303020.0,Bgy,,,,R
16.0,3.0,3.0,21.0,1600303021.0,Salug,160303021.0,Bgy,,,,R
16.0,3.0,3.0,22.0,1600303022.0,San Toribio,160303022.0,Bgy,,,,R
16.0,3.0,3.0,23.0,1600303023.0,Santa Fe,160303023.0,Bgy,,,,R
16.0,3.0,3.0,24.0,1600303024.0,Segunda,160303024.0,Bgy,,,,R
16.0,3.0,3.0,26.0,1600303026.0,Tagabase,160303026.0,Bgy,,,,R
16.0,3.0,3.0,27.0,1600303027.0,Taganahaw,160303027.0,Bgy,,,,R
16.0,3.0,3.0,28.0,1600303028.0,Tagbalili,160303028.0,Bgy,,,,R
16.0,3.0,3.0,29.0,1600303029.0,Tahina,160303029.0,Bgy,,,,R
16.0,3.0,3.0,30.0,1600303030.0,Tandang Sora,160303030.0,Bgy,,,,R
16.0,3.0,3.0,31.0,1600303031.0,Agsabu,160303031.0,Bgy,,,,R
16.0,3.0,3.0,32.0,1600303032.0,Aguinaldo,160303032.0,Bgy,,,,R
16.0,3.0,3.0,33.0,1600303033.0,Balubo,160303033.0,Bgy,,,,R
16.0,3.0,3.0,34.0,1600303034.0,Cebulan,160303034.0,Bgy,,,,R
16.0,3.0,3.0,35.0,1600303035.0,Crossing Luna,160303035.0,Bgy,,,,R
16.0,3.0,3.0,36.0,1600303036.0,Cubo,160303036.0,Bgy,,,,R
16.0,3.0,3.0,37.0,1600303037.0,Guibonon,160303037.0,Bgy,,,,R
16.0,3.0,3.0,38.0,1600303038.0,Kalabuan,160303038.0,Bgy,,,,R
16.0,3.0,3.0,39.0,1600303039.0,Kinamaybay,160303039.0,Bgy,,,,R
16.0,3.0,3.0,40.0,1600303040.0,Langag,160303040.0,Bgy,,,,R
16.0,3.0,3.0,41.0,1600303041.0,Maliwanag,160303041.0,Bgy,,,,R
16.0,3.0,3.0,42.0,1600303042.0,New Gingoog,160303042.0,Bgy,,,,R
16.0,3.0,3.0,43.0,1600303043.0,Odiong,160303043.0,Bgy,,,,R
16.0,3.0,3.0,44.0,1600303044.0,Piglawigan,160303044.0,Bgy,,,,R
16.0,3.0,3.0,45.0,1600303045.0,San Isidro,160303045.0,Bgy,,,,R
16.0,3.0,3.0,46.0,1600303046.0,San Jose,160303046.0,Bgy,,,,R
16.0,3.0,3.0,47.0,1600303047.0,San Vicente,160303047.0,Bgy,,,,R
16.0,3.0,3.0,48.0,1600303048.0,Sinakungan,160303048.0,Bgy,,,,R
16.0,3.0,3.0,49.0,1600303049.0,Valentina,160303049.0,Bgy,,,,R
16.0,3.0,4.0,0.0,1600304000.0,La Paz,160304000.0,Mun,,,1st,
16.0,3.0,4.0,1.0,1600304001.0,Bataan,160304001.0,Bgy,,,,R
16.0,3.0,4.0,2.0,1600304002.0,Comota,160304002.0,Bgy,,,,R
16.0,3.0,4.0,3.0,1600304003.0,Halapitan,160304003.0,Bgy,,,,R
16.0,3.0,4.0,4.0,1600304004.0,Langasian,160304004.0,Bgy,,,,R
16.0,3.0,4.0,5.0,1600304005.0,"Osmeña, Sr.",160304005.0,Bgy,,,,R
16.0,3.0,4.0,6.0,1600304006.0,Poblacion,160304006.0,Bgy,,,,U
16.0,3.0,4.0,7.0,1600304007.0,Sagunto,160304007.0,Bgy,,,,R
16.0,3.0,4.0,8.0,1600304008.0,Villa Paz,160304008.0,Bgy,,,,R
16.0,3.0,4.0,9.0,1600304009.0,Angeles,160304009.0,Bgy,,,,R
16.0,3.0,4.0,10.0,1600304010.0,Kasapa II,160304010.0,Bgy,,,,R
16.0,3.0,4.0,11.0,1600304011.0,Lydia,160304011.0,Bgy,,,,R
16.0,3.0,4.0,12.0,1600304012.0,Panagangan,160304012.0,Bgy,,,,R
16.0,3.0,4.0,13.0,1600304013.0,Sabang Adgawan,160304013.0,Bgy,,,,R
16.0,3.0,4.0,14.0,1600304014.0,San Patricio,160304014.0,Bgy,,,,R
16.0,3.0,4.0,15.0,1600304015.0,Valentina,160304015.0,Bgy,,,,R
16.0,3.0,5.0,0.0,1600305000.0,Loreto,160305000.0,Mun,,,1st,
16.0,3.0,5.0,1.0,1600305001.0,Binucayan,160305001.0,Bgy,,,,R
16.0,3.0,5.0,2.0,1600305002.0,Johnson,160305002.0,Bgy,,,,R
16.0,3.0,5.0,3.0,1600305003.0,Magaud,160305003.0,Bgy,,,,R
16.0,3.0,5.0,4.0,1600305004.0,Nueva Gracia,160305004.0,Bgy,,,,R
16.0,3.0,5.0,5.0,1600305005.0,Poblacion,160305005.0,Bgy,,,,U
16.0,3.0,5.0,6.0,1600305006.0,San Isidro,160305006.0,Bgy,,,,R
16.0,3.0,5.0,7.0,1600305007.0,San Mariano,160305007.0,Bgy,,,,R
16.0,3.0,5.0,8.0,1600305008.0,San Vicente,160305008.0,Bgy,,,,R
16.0,3.0,5.0,9.0,1600305009.0,Santa Teresa,160305009.0,Bgy,,,,R
16.0,3.0,5.0,10.0,1600305010.0,Santo Tomas,160305010.0,Bgy,,,,R
16.0,3.0,5.0,11.0,1600305011.0,Violanta,160305011.0,Bgy,,,,R
16.0,3.0,5.0,12.0,1600305012.0,Waloe,160305012.0,Bgy,,,,R
16.0,3.0,5.0,13.0,1600305013.0,Kasapa,160305013.0,Bgy,,,,R
16.0,3.0,5.0,14.0,1600305014.0,Katipunan,160305014.0,Bgy,,,,R
16.0,3.0,5.0,15.0,1600305015.0,Kauswagan,160305015.0,Bgy,,,,R
16.0,3.0,5.0,16.0,1600305016.0,Santo Niño,160305016.0,Bgy,,,,R
16.0,3.0,5.0,17.0,1600305017.0,Sabud,160305017.0,Bgy,,,,R
16.0,3.0,6.0,0.0,1600306000.0,Prosperidad ,160306000.0,Mun,,,1st,
16.0,3.0,6.0,1.0,1600306001.0,Aurora,160306001.0,Bgy,,,,R
16.0,3.0,6.0,2.0,1600306002.0,Awa,160306002.0,Bgy,,,,R
16.0,3.0,6.0,3.0,1600306003.0,Azpetia,160306003.0,Bgy,,,,R
16.0,3.0,6.0,4.0,1600306004.0,Poblacion,160306004.0,Bgy,Bahbah,,,U
16.0,3.0,6.0,6.0,1600306006.0,La Caridad,160306006.0,Bgy,,,,R
16.0,3.0,6.0,7.0,1600306007.0,La Suerte,160306007.0,Bgy,,,,R
16.0,3.0,6.0,8.0,1600306008.0,La Union,160306008.0,Bgy,,,,R
16.0,3.0,6.0,9.0,1600306009.0,Las Navas,160306009.0,Bgy,,,,R
16.0,3.0,6.0,10.0,1600306010.0,Libertad,160306010.0,Bgy,,,,R
16.0,3.0,6.0,11.0,1600306011.0,Los Arcos,160306011.0,Bgy,,,,R
16.0,3.0,6.0,12.0,1600306012.0,Lucena,160306012.0,Bgy,,,,R
16.0,3.0,6.0,13.0,1600306013.0,Mabuhay,160306013.0,Bgy,,,,R
16.0,3.0,6.0,14.0,1600306014.0,Magsaysay,160306014.0,Bgy,,,,R
16.0,3.0,6.0,15.0,1600306015.0,Mapaga,160306015.0,Bgy,,,,R
16.0,3.0,6.0,16.0,1600306016.0,New Maug,160306016.0,Bgy,,,,R
16.0,3.0,6.0,17.0,1600306017.0,Napo,160306017.0,Bgy,,,,R
16.0,3.0,6.0,18.0,1600306018.0,Patin-ay,160306018.0,Bgy,,,,U
16.0,3.0,6.0,20.0,1600306020.0,Salimbogaon,160306020.0,Bgy,,,,R
16.0,3.0,6.0,21.0,1600306021.0,Salvacion,160306021.0,Bgy,,,,U
16.0,3.0,6.0,22.0,1600306022.0,San Joaquin,160306022.0,Bgy,,,,R
16.0,3.0,6.0,23.0,1600306023.0,San Jose,160306023.0,Bgy,,,,R
16.0,3.0,6.0,24.0,1600306024.0,San Lorenzo,160306024.0,Bgy,,,,R
16.0,3.0,6.0,25.0,1600306025.0,San Martin,160306025.0,Bgy,,,,R
16.0,3.0,6.0,26.0,1600306026.0,San Pedro,160306026.0,Bgy,,,,R
16.0,3.0,6.0,27.0,1600306027.0,San Rafael,160306027.0,Bgy,,,,R
16.0,3.0,6.0,29.0,1600306029.0,San Salvador,160306029.0,Bgy,,,,R
16.0,3.0,6.0,30.0,1600306030.0,San Vicente,160306030.0,Bgy,,,,U
16.0,3.0,6.0,31.0,1600306031.0,Santa Irene,160306031.0,Bgy,,,,U
16.0,3.0,6.0,32.0,1600306032.0,Santa Maria,160306032.0,Bgy,,,,R
16.0,3.0,6.0,33.0,1600306033.0,La Perian,160306033.0,Bgy,,,,R
16.0,3.0,6.0,34.0,1600306034.0,La Purisima,160306034.0,Bgy,,,,R
16.0,3.0,6.0,35.0,1600306035.0,San Roque,160306035.0,Bgy,,,,R
16.0,3.0,7.0,0.0,1600307000.0,Rosario,160307000.0,Mun,,,2nd,
16.0,3.0,7.0,1.0,1600307001.0,Bayugan 3,160307001.0,Bgy,,,,U
16.0,3.0,7.0,2.0,1600307002.0,Cabantao,160307002.0,Bgy,,,,R
16.0,3.0,7.0,3.0,1600307003.0,Cabawan,160307003.0,Bgy,,,,R
16.0,3.0,7.0,4.0,1600307004.0,Marfil,160307004.0,Bgy,,,,R
16.0,3.0,7.0,5.0,1600307005.0,Novele,160307005.0,Bgy,,,,R
16.0,3.0,7.0,6.0,1600307006.0,Poblacion,160307006.0,Bgy,,,,U
16.0,3.0,7.0,7.0,1600307007.0,Santa Cruz,160307007.0,Bgy,,,,U
16.0,3.0,7.0,8.0,1600307008.0,Tagbayagan,160307008.0,Bgy,,,,R
16.0,3.0,7.0,9.0,1600307009.0,Wasi-an,160307009.0,Bgy,,,,R
16.0,3.0,7.0,10.0,1600307010.0,Libuac,160307010.0,Bgy,,,,R
16.0,3.0,7.0,11.0,1600307011.0,Maligaya,160307011.0,Bgy,,,,R
16.0,3.0,8.0,0.0,1600308000.0,San Francisco,160308000.0,Mun,,,1st,
16.0,3.0,8.0,1.0,1600308001.0,Alegria,160308001.0,Bgy,,,,U
16.0,3.0,8.0,2.0,1600308002.0,Bayugan 2,160308002.0,Bgy,,,,U
16.0,3.0,8.0,3.0,1600308003.0,Borbon,160308003.0,Bgy,,,,R
16.0,3.0,8.0,5.0,1600308005.0,Caimpugan,160308005.0,Bgy,,,,R
16.0,3.0,8.0,6.0,1600308006.0,Ebro,160308006.0,Bgy,,,,R
16.0,3.0,8.0,7.0,1600308007.0,Hubang,160308007.0,Bgy,,,,U
16.0,3.0,8.0,8.0,1600308008.0,Lapinigan,160308008.0,Bgy,,,,U
16.0,3.0,8.0,9.0,1600308009.0,Lucac,160308009.0,Bgy,,,,R
16.0,3.0,8.0,10.0,1600308010.0,Mate,160308010.0,Bgy,,,,U
16.0,3.0,8.0,11.0,1600308011.0,New Visayas,160308011.0,Bgy,,,,R
16.0,3.0,8.0,12.0,1600308012.0,Pasta,160308012.0,Bgy,,,,R
16.0,3.0,8.0,13.0,1600308013.0,Pisa-an,160308013.0,Bgy,,,,U
16.0,3.0,8.0,15.0,1600308015.0,Barangay 1 ,160308015.0,Bgy,,,,U
16.0,3.0,8.0,16.0,1600308016.0,Barangay 2 ,160308016.0,Bgy,,,,U
16.0,3.0,8.0,17.0,1600308017.0,Barangay 3 ,160308017.0,Bgy,,,,U
16.0,3.0,8.0,18.0,1600308018.0,Barangay 4 ,160308018.0,Bgy,,,,U
16.0,3.0,8.0,19.0,1600308019.0,Barangay 5 ,160308019.0,Bgy,,,,U
16.0,3.0,8.0,20.0,1600308020.0,Rizal,160308020.0,Bgy,,,,R
16.0,3.0,8.0,21.0,1600308021.0,San Isidro,160308021.0,Bgy,,,,U
16.0,3.0,8.0,22.0,1600308022.0,Santa Ana,160308022.0,Bgy,,,,R
16.0,3.0,8.0,24.0,1600308024.0,Tagapua,160308024.0,Bgy,,,,R
16.0,3.0,8.0,25.0,1600308025.0,Bitan-agan,160308025.0,Bgy,,,,R
16.0,3.0,8.0,26.0,1600308026.0,Buenasuerte,160308026.0,Bgy,,,,R
16.0,3.0,8.0,27.0,1600308027.0,Das-agan,160308027.0,Bgy,,,,R
16.0,3.0,8.0,28.0,1600308028.0,Karaus,160308028.0,Bgy,,,,U
16.0,3.0,8.0,29.0,1600308029.0,Ladgadan,160308029.0,Bgy,,,,R
16.0,3.0,8.0,30.0,1600308030.0,Ormaca,160308030.0,Bgy,,,,R
16.0,3.0,9.0,0.0,1600309000.0,San Luis,160309000.0,Mun,,,1st,
16.0,3.0,9.0,1.0,1600309001.0,Anislagan,160309001.0,Bgy,,,,R
16.0,3.0,9.0,2.0,1600309002.0,Baylo,160309002.0,Bgy,,,,R
16.0,3.0,9.0,3.0,1600309003.0,Coalicion,160309003.0,Bgy,,,,R
16.0,3.0,9.0,4.0,1600309004.0,Culi,160309004.0,Bgy,,,,R
16.0,3.0,9.0,5.0,1600309005.0,Nuevo Trabajo,160309005.0,Bgy,,,,R
16.0,3.0,9.0,6.0,1600309006.0,Poblacion,160309006.0,Bgy,,,,R
16.0,3.0,9.0,7.0,1600309007.0,Santa Ines,160309007.0,Bgy,,,,R
16.0,3.0,9.0,8.0,1600309008.0,Balit,160309008.0,Bgy,,,,R
16.0,3.0,9.0,9.0,1600309009.0,Binicalan,160309009.0,Bgy,,,,R
16.0,3.0,9.0,10.0,1600309010.0,Cecilia,160309010.0,Bgy,,,,R
16.0,3.0,9.0,11.0,1600309011.0,Dimasalang,160309011.0,Bgy,,,,R
16.0,3.0,9.0,12.0,1600309012.0,Don Alejandro,160309012.0,Bgy,,,,R
16.0,3.0,9.0,13.0,1600309013.0,Don Pedro,160309013.0,Bgy,,,,R
16.0,3.0,9.0,14.0,1600309014.0,Doña Flavia,160309014.0,Bgy,,,,R
16.0,3.0,9.0,15.0,1600309015.0,Mahagsay,160309015.0,Bgy,,,,R
16.0,3.0,9.0,16.0,1600309016.0,Mahapag,160309016.0,Bgy,,,,R
16.0,3.0,9.0,17.0,1600309017.0,Mahayahay,160309017.0,Bgy,,,,R
16.0,3.0,9.0,18.0,1600309018.0,Muritula,160309018.0,Bgy,,,,R
16.0,3.0,9.0,19.0,1600309019.0,Policarpo,160309019.0,Bgy,,,,R
16.0,3.0,9.0,20.0,1600309020.0,San Isidro,160309020.0,Bgy,,,,R
16.0,3.0,9.0,21.0,1600309021.0,San Pedro,160309021.0,Bgy,,,,R
16.0,3.0,9.0,22.0,1600309022.0,Santa Rita,160309022.0,Bgy,,,,R
16.0,3.0,9.0,23.0,1600309023.0,Santiago,160309023.0,Bgy,,,,R
16.0,3.0,9.0,24.0,1600309024.0,Wegguam,160309024.0,Bgy,,,,R
16.0,3.0,9.0,25.0,1600309025.0,Doña Maxima,160309025.0,Bgy,,,,R
16.0,3.0,10.0,0.0,1600310000.0,Santa Josefa,160310000.0,Mun,,,3rd,
16.0,3.0,10.0,1.0,1600310001.0,Angas,160310001.0,Bgy,,,,R
16.0,3.0,10.0,2.0,1600310002.0,Aurora,160310002.0,Bgy,,,,R
16.0,3.0,10.0,3.0,1600310003.0,Awao,160310003.0,Bgy,,,,R
16.0,3.0,10.0,4.0,1600310004.0,Tapaz,160310004.0,Bgy,,,,R
16.0,3.0,10.0,5.0,1600310005.0,Patrocinio,160310005.0,Bgy,,,,R
16.0,3.0,10.0,6.0,1600310006.0,Poblacion,160310006.0,Bgy,,,,U
16.0,3.0,10.0,7.0,1600310007.0,San Jose,160310007.0,Bgy,,,,R
16.0,3.0,10.0,8.0,1600310008.0,Santa Isabel,160310008.0,Bgy,,,,R
16.0,3.0,10.0,9.0,1600310009.0,Sayon,160310009.0,Bgy,,,,R
16.0,3.0,10.0,10.0,1600310010.0,Concepcion,160310010.0,Bgy,,,,R
16.0,3.0,10.0,11.0,1600310011.0,Pag-asa,160310011.0,Bgy,,,,R
16.0,3.0,11.0,0.0,1600311000.0,Talacogon,160311000.0,Mun,,,2nd,
16.0,3.0,11.0,1.0,1600311001.0,BuenaGracia,160311001.0,Bgy,,,,R
16.0,3.0,11.0,2.0,1600311002.0,Causwagan,160311002.0,Bgy,,,,R
16.0,3.0,11.0,4.0,1600311004.0,Culi,160311004.0,Bgy,,,,R
16.0,3.0,11.0,5.0,1600311005.0,Del Monte,160311005.0,Bgy,,,,U
16.0,3.0,11.0,6.0,1600311006.0,Desamparados,160311006.0,Bgy,,,,R
16.0,3.0,11.0,7.0,1600311007.0,Labnig,160311007.0,Bgy,,,,R
16.0,3.0,11.0,8.0,1600311008.0,Sabang Gibung,160311008.0,Bgy,,,,R
16.0,3.0,11.0,9.0,1600311009.0,San Agustin ,160311009.0,Bgy,,,,U
16.0,3.0,11.0,10.0,1600311010.0,San Isidro ,160311010.0,Bgy,,,,R
16.0,3.0,11.0,11.0,1600311011.0,San Nicolas ,160311011.0,Bgy,,,,U
16.0,3.0,11.0,12.0,1600311012.0,Zamora,160311012.0,Bgy,,,,R
16.0,3.0,11.0,13.0,1600311013.0,Zillovia,160311013.0,Bgy,,,,U
16.0,3.0,11.0,14.0,1600311014.0,La Flora,160311014.0,Bgy,,,,R
16.0,3.0,11.0,15.0,1600311015.0,Maharlika,160311015.0,Bgy,,,,R
16.0,3.0,11.0,16.0,1600311016.0,Marbon,160311016.0,Bgy,,,,R
16.0,3.0,11.0,17.0,1600311017.0,Batucan,160311017.0,Bgy,,,,R
16.0,3.0,12.0,0.0,1600312000.0,Trento,160312000.0,Mun,,,1st,
16.0,3.0,12.0,1.0,1600312001.0,Basa,160312001.0,Bgy,,,,R
16.0,3.0,12.0,2.0,1600312002.0,Cuevas,160312002.0,Bgy,,,,R
16.0,3.0,12.0,3.0,1600312003.0,Kapatungan,160312003.0,Bgy,,,,R
16.0,3.0,12.0,4.0,1600312004.0,Langkila-an,160312004.0,Bgy,,,,R
16.0,3.0,12.0,5.0,1600312005.0,New Visayas,160312005.0,Bgy,,,,R
16.0,3.0,12.0,6.0,1600312006.0,Poblacion,160312006.0,Bgy,,,,U
16.0,3.0,12.0,7.0,1600312007.0,Pulang-lupa,160312007.0,Bgy,,,,R
16.0,3.0,12.0,8.0,1600312008.0,Salvacion,160312008.0,Bgy,,,,R
16.0,3.0,12.0,9.0,1600312009.0,San Ignacio,160312009.0,Bgy,,,,R
16.0,3.0,12.0,10.0,1600312010.0,San Isidro,160312010.0,Bgy,,,,R
16.0,3.0,12.0,11.0,1600312011.0,San Roque,160312011.0,Bgy,,,,R
16.0,3.0,12.0,12.0,1600312012.0,Santa Maria,160312012.0,Bgy,,,,R
16.0,3.0,12.0,13.0,1600312013.0,Tudela,160312013.0,Bgy,,,,R
16.0,3.0,12.0,14.0,1600312014.0,Cebolin,160312014.0,Bgy,,,,R
16.0,3.0,12.0,15.0,1600312015.0,Manat,160312015.0,Bgy,,,,U
16.0,3.0,12.0,16.0,1600312016.0,Pangyan,160312016.0,Bgy,,,,R
16.0,3.0,13.0,0.0,1600313000.0,Veruela,160313000.0,Mun,,,2nd,
16.0,3.0,13.0,1.0,1600313001.0,Binongan,160313001.0,Bgy,,,,R
16.0,3.0,13.0,2.0,1600313002.0,Del Monte,160313002.0,Bgy,,,,R
16.0,3.0,13.0,3.0,1600313003.0,Don Mateo,160313003.0,Bgy,,,,R
16.0,3.0,13.0,4.0,1600313004.0,La Fortuna,160313004.0,Bgy,,,,U
16.0,3.0,13.0,5.0,1600313005.0,Limot,160313005.0,Bgy,,,,R
16.0,3.0,13.0,6.0,1600313006.0,Magsaysay,160313006.0,Bgy,,,,R
16.0,3.0,13.0,7.0,1600313007.0,Masayan,160313007.0,Bgy,,,,R
16.0,3.0,13.0,8.0,1600313008.0,Poblacion,160313008.0,Bgy,,,,U
16.0,3.0,13.0,9.0,1600313009.0,Sampaguita,160313009.0,Bgy,,,,U
16.0,3.0,13.0,10.0,1600313010.0,San Gabriel,160313010.0,Bgy,,,,R
16.0,3.0,13.0,11.0,1600313011.0,Santa Emelia,160313011.0,Bgy,,,,R
16.0,3.0,13.0,12.0,1600313012.0,Sinobong,160313012.0,Bgy,,,,R
16.0,3.0,13.0,13.0,1600313013.0,Anitap,160313013.0,Bgy,,,,R
16.0,3.0,13.0,14.0,1600313014.0,Bacay II,160313014.0,Bgy,,,,R
16.0,3.0,13.0,15.0,1600313015.0,Caigangan,160313015.0,Bgy,,,,R
16.0,3.0,13.0,16.0,1600313016.0,Candiis,160313016.0,Bgy,,,,R
16.0,3.0,13.0,17.0,1600313017.0,Katipunan,160313017.0,Bgy,,,,R
16.0,3.0,13.0,18.0,1600313018.0,Santa Cruz,160313018.0,Bgy,,,,R
16.0,3.0,13.0,19.0,1600313019.0,Sawagan,160313019.0,Bgy,,,,R
16.0,3.0,13.0,20.0,1600313020.0,Sisimon,160313020.0,Bgy,,,,R
16.0,3.0,14.0,0.0,1600314000.0,Sibagat,160314000.0,Mun,,,1st,
16.0,3.0,14.0,1.0,1600314001.0,Afga,160314001.0,Bgy,,,,R
16.0,3.0,14.0,2.0,1600314002.0,Anahawan,160314002.0,Bgy,,,,R
16.0,3.0,14.0,3.0,1600314003.0,Banagbanag,160314003.0,Bgy,,,,R
16.0,3.0,14.0,4.0,1600314004.0,Del Rosario,160314004.0,Bgy,,,,R
16.0,3.0,14.0,5.0,1600314005.0,El Rio,160314005.0,Bgy,,,,R
16.0,3.0,14.0,6.0,1600314006.0,Ilihan,160314006.0,Bgy,,,,R
16.0,3.0,14.0,7.0,1600314007.0,Kauswagan,160314007.0,Bgy,,,,R
16.0,3.0,14.0,8.0,1600314008.0,Kioya,160314008.0,Bgy,,,,R
16.0,3.0,14.0,9.0,1600314009.0,Magkalape,160314009.0,Bgy,,,,R
16.0,3.0,14.0,10.0,1600314010.0,Magsaysay,160314010.0,Bgy,,,,R
16.0,3.0,14.0,11.0,1600314011.0,Mahayahay,160314011.0,Bgy,,,,R
16.0,3.0,14.0,12.0,1600314012.0,New Tubigon,160314012.0,Bgy,,,,R
16.0,3.0,14.0,13.0,1600314013.0,Padiay,160314013.0,Bgy,,,,R
16.0,3.0,14.0,14.0,1600314014.0,Perez,160314014.0,Bgy,,,,R
16.0,3.0,14.0,15.0,1600314015.0,Poblacion,160314015.0,Bgy,,,,U
16.0,3.0,14.0,16.0,1600314016.0,San Isidro,160314016.0,Bgy,,,,R
16.0,3.0,14.0,17.0,1600314017.0,San Vicente,160314017.0,Bgy,,,,R
16.0,3.0,14.0,18.0,1600314018.0,Santa Cruz,160314018.0,Bgy,,,,R
16.0,3.0,14.0,19.0,1600314019.0,Santa Maria,160314019.0,Bgy,,,,R
16.0,3.0,14.0,20.0,1600314020.0,Sinai,160314020.0,Bgy,,,,R
16.0,3.0,14.0,21.0,1600314021.0,Tabon-tabon,160314021.0,Bgy,,,,R
16.0,3.0,14.0,22.0,1600314022.0,Tag-uyango,160314022.0,Bgy,,,,R
16.0,3.0,14.0,23.0,1600314023.0,Villangit,160314023.0,Bgy,,,,R
16.0,3.0,14.0,24.0,1600314024.0,Kolambugan,160314024.0,Bgy,,,,R
16.0,67.0,0.0,0.0,1606700000.0,Surigao del Norte,166700000.0,Prov,,,2nd,
16.0,67.0,1.0,0.0,1606701000.0,Alegria,166701000.0,Mun,,,5th,
16.0,67.0,1.0,1.0,1606701001.0,Poblacion,166701001.0,Bgy,Alegria,,,R
16.0,67.0,1.0,2.0,1606701002.0,Alipao,166701002.0,Bgy,,,,R
16.0,67.0,1.0,3.0,1606701003.0,Budlingin,166701003.0,Bgy,,,,R
16.0,67.0,1.0,4.0,1606701004.0,Camp Eduard,166701004.0,Bgy,Geotina,,,R
16.0,67.0,1.0,5.0,1606701005.0,Ombong,166701005.0,Bgy,,,,R
16.0,67.0,1.0,6.0,1606701006.0,Pongtud,166701006.0,Bgy,,,,R
16.0,67.0,1.0,7.0,1606701007.0,San Pedro,166701007.0,Bgy,,,,R
16.0,67.0,1.0,8.0,1606701008.0,Ferlda,166701008.0,Bgy,,,,R
16.0,67.0,1.0,9.0,1606701009.0,Julio Ouano ,166701009.0,Bgy,,,,R
16.0,67.0,1.0,10.0,1606701010.0,San Juan,166701010.0,Bgy,,,,R
16.0,67.0,1.0,11.0,1606701011.0,Anahaw,166701011.0,Bgy,,,,R
16.0,67.0,1.0,12.0,1606701012.0,Gamuton,166701012.0,Bgy,,,,U
16.0,67.0,2.0,0.0,1606702000.0,Bacuag,166702000.0,Mun,,,5th,
16.0,67.0,2.0,1.0,1606702001.0,Cabugao,166702001.0,Bgy,,,,R
16.0,67.0,2.0,2.0,1606702002.0,Cambuayon,166702002.0,Bgy,,,,R
16.0,67.0,2.0,3.0,1606702003.0,Campo,166702003.0,Bgy,,,,R
16.0,67.0,2.0,4.0,1606702004.0,Dugsangon,166702004.0,Bgy,,,,R
16.0,67.0,2.0,5.0,1606702005.0,Pautao,166702005.0,Bgy,,,,R
16.0,67.0,2.0,6.0,1606702006.0,Payapag,166702006.0,Bgy,,,,R
16.0,67.0,2.0,7.0,1606702007.0,Poblacion,166702007.0,Bgy,,,,U
16.0,67.0,2.0,8.0,1606702008.0,Pungtod,166702008.0,Bgy,,,,R
16.0,67.0,2.0,9.0,1606702009.0,Santo Rosario,166702009.0,Bgy,,,,R
16.0,67.0,4.0,0.0,1606704000.0,Burgos,166704000.0,Mun,,,6th,
16.0,67.0,4.0,1.0,1606704001.0,Baybay,166704001.0,Bgy,,,,R
16.0,67.0,4.0,2.0,1606704002.0,Bitaug,166704002.0,Bgy,,,,R
16.0,67.0,4.0,3.0,1606704003.0,Poblacion 1,166704003.0,Bgy,,,,R
16.0,67.0,4.0,4.0,1606704004.0,Poblacion 2,166704004.0,Bgy,,,,R
16.0,67.0,4.0,5.0,1606704005.0,San Mateo,166704005.0,Bgy,,,,R
16.0,67.0,4.0,6.0,1606704006.0,Matin-ao,166704006.0,Bgy,,,,R
16.0,67.0,6.0,0.0,1606706000.0,Claver,166706000.0,Mun,,,2nd,
16.0,67.0,6.0,1.0,1606706001.0,Cabugo,166706001.0,Bgy,,,,R
16.0,67.0,6.0,2.0,1606706002.0,Cagdianao,166706002.0,Bgy,,,,R
16.0,67.0,6.0,3.0,1606706003.0,Daywan,166706003.0,Bgy,,,,R
16.0,67.0,6.0,4.0,1606706004.0,Hayanggabon,166706004.0,Bgy,,,,R
16.0,67.0,6.0,5.0,1606706005.0,Ladgaron ,166706005.0,Bgy,,,,U
16.0,67.0,6.0,6.0,1606706006.0,Lapinigan,166706006.0,Bgy,,,,R
16.0,67.0,6.0,7.0,1606706007.0,Magallanes,166706007.0,Bgy,,,,R
16.0,67.0,6.0,8.0,1606706008.0,Panatao,166706008.0,Bgy,,,,R
16.0,67.0,6.0,9.0,1606706009.0,Tayaga,166706009.0,Bgy,Pob. East,,,U
16.0,67.0,6.0,10.0,1606706010.0,Bagakay,166706010.0,Bgy,Pob. West,,,U
16.0,67.0,6.0,11.0,1606706011.0,Sapa,166706011.0,Bgy,,,,R
16.0,67.0,6.0,12.0,1606706012.0,Taganito,166706012.0,Bgy,,,,U
16.0,67.0,6.0,13.0,1606706013.0,Urbiztondo,166706013.0,Bgy,,,,R
16.0,67.0,6.0,14.0,1606706014.0,Wangke,166706014.0,Bgy,,,,R
16.0,67.0,7.0,0.0,1606707000.0,Dapa,166707000.0,Mun,,,4th,
16.0,67.0,7.0,1.0,1606707001.0,Bagakay,166707001.0,Bgy,,,,R
16.0,67.0,7.0,2.0,1606707002.0,Barangay 1 ,166707002.0,Bgy,,,,R
16.0,67.0,7.0,3.0,1606707003.0,Barangay 13 ,166707003.0,Bgy,,,,R
16.0,67.0,7.0,4.0,1606707004.0,Buenavista,166707004.0,Bgy,,,,R
16.0,67.0,7.0,5.0,1606707005.0,Cabawa,166707005.0,Bgy,,,,R
16.0,67.0,7.0,6.0,1606707006.0,Cambas-ac,166707006.0,Bgy,,,,R
16.0,67.0,7.0,7.0,1606707007.0,Consolacion,166707007.0,Bgy,,,,R
16.0,67.0,7.0,8.0,1606707008.0,Corregidor,166707008.0,Bgy,,,,R
16.0,67.0,7.0,9.0,1606707009.0,Dagohoy,166707009.0,Bgy,,,,R
16.0,67.0,7.0,10.0,1606707010.0,Don Paulino,166707010.0,Bgy,,,,R
16.0,67.0,7.0,11.0,1606707011.0,Jubang,166707011.0,Bgy,,,,R
16.0,67.0,7.0,12.0,1606707012.0,Montserrat,166707012.0,Bgy,,,,R
16.0,67.0,7.0,13.0,1606707013.0,Osmeña,166707013.0,Bgy,,,,R
16.0,67.0,7.0,14.0,1606707014.0,Barangay 10 ,166707014.0,Bgy,,,,R
16.0,67.0,7.0,15.0,1606707015.0,Barangay 11 ,166707015.0,Bgy,,,,R
16.0,67.0,7.0,16.0,1606707016.0,Barangay 12 ,166707016.0,Bgy,,,,U
16.0,67.0,7.0,17.0,1606707017.0,Barangay 2 ,166707017.0,Bgy,,,,R
16.0,67.0,7.0,18.0,1606707018.0,Barangay 3 ,166707018.0,Bgy,,,,R
16.0,67.0,7.0,19.0,1606707019.0,Barangay 4 ,166707019.0,Bgy,,,,R
16.0,67.0,7.0,20.0,1606707020.0,Barangay 5 ,166707020.0,Bgy,,,,R
16.0,67.0,7.0,21.0,1606707021.0,Barangay 6 ,166707021.0,Bgy,,,,U
16.0,67.0,7.0,22.0,1606707022.0,Barangay 7 ,166707022.0,Bgy,,,,U
16.0,67.0,7.0,23.0,1606707023.0,Barangay 8 ,166707023.0,Bgy,,,,R
16.0,67.0,7.0,24.0,1606707024.0,Barangay 9 ,166707024.0,Bgy,,,,U
16.0,67.0,7.0,25.0,1606707025.0,San Carlos,166707025.0,Bgy,,,,R
16.0,67.0,7.0,26.0,1606707026.0,San Miguel,166707026.0,Bgy,,,,R
16.0,67.0,7.0,27.0,1606707027.0,Santa Fe,166707027.0,Bgy,,,,R
16.0,67.0,7.0,28.0,1606707028.0,Union,166707028.0,Bgy,,,,R
16.0,67.0,7.0,29.0,1606707029.0,Santa Felomina,166707029.0,Bgy,,,,R
16.0,67.0,8.0,0.0,1606708000.0,Del Carmen,166708000.0,Mun,,,5th,
16.0,67.0,8.0,1.0,1606708001.0,Bagakay,166708001.0,Bgy,Alburo,,,R
16.0,67.0,8.0,2.0,1606708002.0,Antipolo,166708002.0,Bgy,,,,R
16.0,67.0,8.0,4.0,1606708004.0,Bitoon,166708004.0,Bgy,,,,R
16.0,67.0,8.0,6.0,1606708006.0,Cabugao,166708006.0,Bgy,,,,R
16.0,67.0,8.0,7.0,1606708007.0,Cancohoy,166708007.0,Bgy,,,,R
16.0,67.0,8.0,8.0,1606708008.0,Caub,166708008.0,Bgy,,,,R
16.0,67.0,8.0,9.0,1606708009.0,Del Carmen ,166708009.0,Bgy,,,,R
16.0,67.0,8.0,10.0,1606708010.0,Domoyog,166708010.0,Bgy,,,,R
16.0,67.0,8.0,11.0,1606708011.0,Esperanza,166708011.0,Bgy,,,,R
16.0,67.0,8.0,12.0,1606708012.0,Jamoyaon,166708012.0,Bgy,,,,R
16.0,67.0,8.0,13.0,1606708013.0,Katipunan,166708013.0,Bgy,,,,R
16.0,67.0,8.0,14.0,1606708014.0,Lobogon,166708014.0,Bgy,,,,R
16.0,67.0,8.0,16.0,1606708016.0,Mabuhay,166708016.0,Bgy,,,,R
16.0,67.0,8.0,17.0,1606708017.0,Mahayahay,166708017.0,Bgy,,,,R
16.0,67.0,8.0,19.0,1606708019.0,Quezon,166708019.0,Bgy,,,,R
16.0,67.0,8.0,21.0,1606708021.0,San Fernando,166708021.0,Bgy,,,,R
16.0,67.0,8.0,22.0,1606708022.0,San Jose ,166708022.0,Bgy,,,,R
16.0,67.0,8.0,25.0,1606708025.0,Sayak,166708025.0,Bgy,,,,R
16.0,67.0,8.0,27.0,1606708027.0,Tuboran,166708027.0,Bgy,,,,R
16.0,67.0,8.0,28.0,1606708028.0,Halian,166708028.0,Bgy,,,,R
16.0,67.0,10.0,0.0,1606710000.0,General Luna,166710000.0,Mun,,,5th,
16.0,67.0,10.0,1.0,1606710001.0,Anajawan,166710001.0,Bgy,,,,R
16.0,67.0,10.0,2.0,1606710002.0,Cabitoonan,166710002.0,Bgy,,,,R
16.0,67.0,10.0,3.0,1606710003.0,Catangnan,166710003.0,Bgy,,,,U
16.0,67.0,10.0,4.0,1606710004.0,Consuelo,166710004.0,Bgy,,,,R
16.0,67.0,10.0,5.0,1606710005.0,Corazon,166710005.0,Bgy,,,,R
16.0,67.0,10.0,6.0,1606710006.0,Daku,166710006.0,Bgy,,,,R
16.0,67.0,10.0,7.0,1606710007.0,Poblacion I,166710007.0,Bgy,Purok I,,,R
16.0,67.0,10.0,8.0,1606710008.0,Poblacion II,166710008.0,Bgy,Purok II,,,U
16.0,67.0,10.0,9.0,1606710009.0,Poblacion III,166710009.0,Bgy,Purok III,,,U
16.0,67.0,10.0,10.0,1606710010.0,Poblacion IV,166710010.0,Bgy,Purok IV,,,R
16.0,67.0,10.0,11.0,1606710011.0,Poblacion V,166710011.0,Bgy,Purok V,,,U
16.0,67.0,10.0,12.0,1606710012.0,La Januza,166710012.0,Bgy,,,,R
16.0,67.0,10.0,13.0,1606710013.0,Libertad,166710013.0,Bgy,,,,R
16.0,67.0,10.0,14.0,1606710014.0,Magsaysay,166710014.0,Bgy,,,,R
16.0,67.0,10.0,15.0,1606710015.0,Malinao,166710015.0,Bgy,,,,U
16.0,67.0,10.0,17.0,1606710017.0,Santa Cruz,166710017.0,Bgy,,,,R
16.0,67.0,10.0,18.0,1606710018.0,Santa Fe,166710018.0,Bgy,,,,R
16.0,67.0,10.0,19.0,1606710019.0,Suyangan,166710019.0,Bgy,,,,R
16.0,67.0,10.0,20.0,1606710020.0,Tawin-tawin,166710020.0,Bgy,,,,R
16.0,67.0,11.0,0.0,1606711000.0,Gigaquit,166711000.0,Mun,,,4th,
16.0,67.0,11.0,1.0,1606711001.0,Alambique ,166711001.0,Bgy,,,,R
16.0,67.0,11.0,2.0,1606711002.0,Anibongan,166711002.0,Bgy,,,,R
16.0,67.0,11.0,3.0,1606711003.0,Camam-onan,166711003.0,Bgy,,,,R
16.0,67.0,11.0,4.0,1606711004.0,Cam-boayon,166711004.0,Bgy,,,,R
16.0,67.0,11.0,5.0,1606711005.0,Ipil ,166711005.0,Bgy,,,,R
16.0,67.0,11.0,6.0,1606711006.0,Lahi,166711006.0,Bgy,,,,R
16.0,67.0,11.0,7.0,1606711007.0,Mahanub,166711007.0,Bgy,,,,R
16.0,67.0,11.0,8.0,1606711008.0,Poniente,166711008.0,Bgy,,,,R
16.0,67.0,11.0,9.0,1606711009.0,San Antonio,166711009.0,Bgy,Bonot,,,R
16.0,67.0,11.0,10.0,1606711010.0,San Isidro,166711010.0,Bgy,,,,R
16.0,67.0,11.0,11.0,1606711011.0,Sico-sico,166711011.0,Bgy,,,,R
16.0,67.0,11.0,12.0,1606711012.0,Villaflor,166711012.0,Bgy,,,,R
16.0,67.0,11.0,13.0,1606711013.0,Villafranca,166711013.0,Bgy,,,,R
16.0,67.0,14.0,0.0,1606714000.0,Mainit,166714000.0,Mun,,,4th,
16.0,67.0,14.0,1.0,1606714001.0,Binga,166714001.0,Bgy,,,,R
16.0,67.0,14.0,2.0,1606714002.0,Bobona-on,166714002.0,Bgy,,,,R
16.0,67.0,14.0,3.0,1606714003.0,Cantugas,166714003.0,Bgy,,,,R
16.0,67.0,14.0,4.0,1606714004.0,Dayano,166714004.0,Bgy,,,,R
16.0,67.0,14.0,5.0,1606714005.0,Mabini,166714005.0,Bgy,,,,R
16.0,67.0,14.0,6.0,1606714006.0,Magpayang,166714006.0,Bgy,,,,R
16.0,67.0,14.0,7.0,1606714007.0,Magsaysay ,166714007.0,Bgy,,,,R
16.0,67.0,14.0,9.0,1606714009.0,Mansayao,166714009.0,Bgy,,,,R
16.0,67.0,14.0,10.0,1606714010.0,Marayag,166714010.0,Bgy,,,,R
16.0,67.0,14.0,11.0,1606714011.0,Matin-ao,166714011.0,Bgy,,,,R
16.0,67.0,14.0,12.0,1606714012.0,Paco,166714012.0,Bgy,,,,R
16.0,67.0,14.0,13.0,1606714013.0,Quezon ,166714013.0,Bgy,,,,U
16.0,67.0,14.0,14.0,1606714014.0,Roxas,166714014.0,Bgy,,,,R
16.0,67.0,14.0,15.0,1606714015.0,San Francisco,166714015.0,Bgy,,,,R
16.0,67.0,14.0,16.0,1606714016.0,San Isidro,166714016.0,Bgy,,,,R
16.0,67.0,14.0,17.0,1606714017.0,San Jose,166714017.0,Bgy,,,,R
16.0,67.0,14.0,18.0,1606714018.0,Siana,166714018.0,Bgy,,,,R
16.0,67.0,14.0,19.0,1606714019.0,Silop,166714019.0,Bgy,,,,R
16.0,67.0,14.0,20.0,1606714020.0,Tagbuyawan,166714020.0,Bgy,,,,R
16.0,67.0,14.0,21.0,1606714021.0,Tapi-an,166714021.0,Bgy,,,,R
16.0,67.0,14.0,22.0,1606714022.0,Tolingon,166714022.0,Bgy,,,,R
16.0,67.0,15.0,0.0,1606715000.0,Malimono,166715000.0,Mun,,,5th,
16.0,67.0,15.0,1.0,1606715001.0,Doro,166715001.0,Bgy,Binocaran,,,R
16.0,67.0,15.0,2.0,1606715002.0,Bunyasan,166715002.0,Bgy,,,,R
16.0,67.0,15.0,3.0,1606715003.0,Cantapoy,166715003.0,Bgy,,,,R
16.0,67.0,15.0,4.0,1606715004.0,Cagtinae,166715004.0,Bgy,,,,R
16.0,67.0,15.0,5.0,1606715005.0,Cayawan,166715005.0,Bgy,,,,R
16.0,67.0,15.0,7.0,1606715007.0,Hanagdong,166715007.0,Bgy,,,,R
16.0,67.0,15.0,8.0,1606715008.0,Karihatag,166715008.0,Bgy,,,,R
16.0,67.0,15.0,9.0,1606715009.0,Masgad,166715009.0,Bgy,,,,R
16.0,67.0,15.0,10.0,1606715010.0,Pili,166715010.0,Bgy,,,,R
16.0,67.0,15.0,12.0,1606715012.0,San Isidro ,166715012.0,Bgy,,,,R
16.0,67.0,15.0,13.0,1606715013.0,Tinago,166715013.0,Bgy,,,,R
16.0,67.0,15.0,14.0,1606715014.0,Cansayong,166715014.0,Bgy,,,,R
16.0,67.0,15.0,15.0,1606715015.0,Can-aga,166715015.0,Bgy,,,,R
16.0,67.0,15.0,16.0,1606715016.0,Villariza,166715016.0,Bgy,,,,R
16.0,67.0,16.0,0.0,1606716000.0,Pilar,166716000.0,Mun,,,5th,
16.0,67.0,16.0,1.0,1606716001.0,Caridad,166716001.0,Bgy,,,,R
16.0,67.0,16.0,2.0,1606716002.0,Katipunan,166716002.0,Bgy,,,,R
16.0,67.0,16.0,3.0,1606716003.0,Maasin,166716003.0,Bgy,,,,R
16.0,67.0,16.0,4.0,1606716004.0,Mabini,166716004.0,Bgy,,,,R
16.0,67.0,16.0,5.0,1606716005.0,Mabuhay,166716005.0,Bgy,,,,R
16.0,67.0,16.0,6.0,1606716006.0,Salvacion,166716006.0,Bgy,,,,R
16.0,67.0,16.0,7.0,1606716007.0,San Roque,166716007.0,Bgy,,,,R
16.0,67.0,16.0,8.0,1606716008.0,Asinan ,166716008.0,Bgy,,,,R
16.0,67.0,16.0,9.0,1606716009.0,Centro ,166716009.0,Bgy,,,,R
16.0,67.0,16.0,10.0,1606716010.0,Pilaring ,166716010.0,Bgy,,,,R
16.0,67.0,16.0,11.0,1606716011.0,Punta ,166716011.0,Bgy,,,,R
16.0,67.0,16.0,12.0,1606716012.0,Consolacion,166716012.0,Bgy,,,,R
16.0,67.0,16.0,13.0,1606716013.0,Datu,166716013.0,Bgy,,,,R
16.0,67.0,16.0,14.0,1606716014.0,Dayaohay,166716014.0,Bgy,,,,R
16.0,67.0,16.0,15.0,1606716015.0,Jaboy,166716015.0,Bgy,,,,R
16.0,67.0,17.0,0.0,1606717000.0,Placer,166717000.0,Mun,,,4th,
16.0,67.0,17.0,2.0,1606717002.0,Amoslog,166717002.0,Bgy,,,,R
16.0,67.0,17.0,3.0,1606717003.0,Anislagan,166717003.0,Bgy,,,,R
16.0,67.0,17.0,4.0,1606717004.0,Bad-as,166717004.0,Bgy,,,,U
16.0,67.0,17.0,5.0,1606717005.0,Boyongan,166717005.0,Bgy,,,,R
16.0,67.0,17.0,6.0,1606717006.0,Bugas-bugas,166717006.0,Bgy,,,,R
16.0,67.0,17.0,7.0,1606717007.0,Central ,166717007.0,Bgy,,,,R
16.0,67.0,17.0,8.0,1606717008.0,Ellaperal,166717008.0,Bgy,Nonok,,,R
16.0,67.0,17.0,9.0,1606717009.0,Ipil ,166717009.0,Bgy,,,,R
16.0,67.0,17.0,10.0,1606717010.0,Lakandula,166717010.0,Bgy,,,,R
16.0,67.0,17.0,11.0,1606717011.0,Mabini,166717011.0,Bgy,,,,R
16.0,67.0,17.0,12.0,1606717012.0,Macalaya,166717012.0,Bgy,,,,R
16.0,67.0,17.0,13.0,1606717013.0,Magsaysay ,166717013.0,Bgy,,,,U
16.0,67.0,17.0,14.0,1606717014.0,Magupange,166717014.0,Bgy,,,,R
16.0,67.0,17.0,15.0,1606717015.0,Pananay-an,166717015.0,Bgy,,,,R
16.0,67.0,17.0,16.0,1606717016.0,Panhutongan,166717016.0,Bgy,,,,R
16.0,67.0,17.0,17.0,1606717017.0,San Isidro,166717017.0,Bgy,,,,R
16.0,67.0,17.0,18.0,1606717018.0,Santa Cruz,166717018.0,Bgy,,,,R
16.0,67.0,17.0,19.0,1606717019.0,Suyoc,166717019.0,Bgy,,,,R
16.0,67.0,17.0,20.0,1606717020.0,Tagbongabong,166717020.0,Bgy,,,,R
16.0,67.0,17.0,21.0,1606717021.0,Sani-sani,166717021.0,Bgy,,,,R
16.0,67.0,18.0,0.0,1606718000.0,San Benito,166718000.0,Mun,,,6th,
16.0,67.0,18.0,1.0,1606718001.0,Bongdo,166718001.0,Bgy,,,,R
16.0,67.0,18.0,2.0,1606718002.0,Maribojoc,166718002.0,Bgy,,,,R
16.0,67.0,18.0,3.0,1606718003.0,Nuevo Campo,166718003.0,Bgy,,,,R
16.0,67.0,18.0,5.0,1606718005.0,San Juan,166718005.0,Bgy,,,,R
16.0,67.0,18.0,6.0,1606718006.0,Santa Cruz ,166718006.0,Bgy,,,,R
16.0,67.0,18.0,7.0,1606718007.0,Talisay ,166718007.0,Bgy,,,,R
16.0,67.0,19.0,0.0,1606719000.0,San Francisco,166719000.0,Mun,Anao-aon,,5th,
16.0,67.0,19.0,1.0,1606719001.0,Amontay,166719001.0,Bgy,,,,R
16.0,67.0,19.0,2.0,1606719002.0,Balite,166719002.0,Bgy,,,,R
16.0,67.0,19.0,3.0,1606719003.0,Banbanon,166719003.0,Bgy,,,,R
16.0,67.0,19.0,4.0,1606719004.0,Diaz,166719004.0,Bgy,,,,R
16.0,67.0,19.0,5.0,1606719005.0,Honrado,166719005.0,Bgy,,,,R
16.0,67.0,19.0,6.0,1606719006.0,Jubgan,166719006.0,Bgy,,,,R
16.0,67.0,19.0,7.0,1606719007.0,Linongganan,166719007.0,Bgy,,,,R
16.0,67.0,19.0,8.0,1606719008.0,Macopa,166719008.0,Bgy,,,,R
16.0,67.0,19.0,9.0,1606719009.0,Magtangale,166719009.0,Bgy,,,,R
16.0,67.0,19.0,10.0,1606719010.0,Oslao,166719010.0,Bgy,,,,R
16.0,67.0,19.0,11.0,1606719011.0,Poblacion,166719011.0,Bgy,,,,U
16.0,67.0,20.0,0.0,1606720000.0,San Isidro,166720000.0,Mun,,,5th,
16.0,67.0,20.0,1.0,1606720001.0,Buhing Calipay,166720001.0,Bgy,,,,R
16.0,67.0,20.0,2.0,1606720002.0,Del Carmen ,166720002.0,Bgy,,,,R
16.0,67.0,20.0,3.0,1606720003.0,Del Pilar,166720003.0,Bgy,,,,R
16.0,67.0,20.0,4.0,1606720004.0,Macapagal,166720004.0,Bgy,,,,R
16.0,67.0,20.0,6.0,1606720006.0,Pacifico,166720006.0,Bgy,,,,R
16.0,67.0,20.0,7.0,1606720007.0,Pelaez,166720007.0,Bgy,,,,R
16.0,67.0,20.0,8.0,1606720008.0,Roxas,166720008.0,Bgy,,,,R
16.0,67.0,20.0,9.0,1606720009.0,San Miguel,166720009.0,Bgy,,,,R
16.0,67.0,20.0,10.0,1606720010.0,Santa Paz,166720010.0,Bgy,,,,R
16.0,67.0,20.0,11.0,1606720011.0,Santo Niño,166720011.0,Bgy,,,,R
16.0,67.0,20.0,12.0,1606720012.0,Tambacan,166720012.0,Bgy,,,,R
16.0,67.0,20.0,13.0,1606720013.0,Tigasao,166720013.0,Bgy,,,,R
16.0,67.0,21.0,0.0,1606721000.0,Santa Monica,166721000.0,Mun,Sapao,,5th,
16.0,67.0,21.0,1.0,1606721001.0,Abad Santos,166721001.0,Bgy,,,,R
16.0,67.0,21.0,2.0,1606721002.0,Alegria,166721002.0,Bgy,,,,R
16.0,67.0,21.0,3.0,1606721003.0,T. Arlan ,166721003.0,Bgy,,,,R
16.0,67.0,21.0,4.0,1606721004.0,Bailan,166721004.0,Bgy,,,,R
16.0,67.0,21.0,5.0,1606721005.0,Garcia,166721005.0,Bgy,,,,R
16.0,67.0,21.0,6.0,1606721006.0,Libertad,166721006.0,Bgy,,,,R
16.0,67.0,21.0,7.0,1606721007.0,Mabini,166721007.0,Bgy,,,,R
16.0,67.0,21.0,8.0,1606721008.0,Mabuhay ,166721008.0,Bgy,,,,R
16.0,67.0,21.0,9.0,1606721009.0,Magsaysay,166721009.0,Bgy,,,,R
16.0,67.0,21.0,10.0,1606721010.0,Rizal,166721010.0,Bgy,,,,R
16.0,67.0,21.0,12.0,1606721012.0,Tangbo,166721012.0,Bgy,,,,R
16.0,67.0,22.0,0.0,1606722000.0,Sison,166722000.0,Mun,,,5th,
16.0,67.0,22.0,1.0,1606722001.0,Biyabid,166722001.0,Bgy,,,,R
16.0,67.0,22.0,3.0,1606722003.0,Gacepan,166722003.0,Bgy,,,,R
16.0,67.0,22.0,4.0,1606722004.0,Ima,166722004.0,Bgy,,,,R
16.0,67.0,22.0,5.0,1606722005.0,Lower Patag,166722005.0,Bgy,,,,R
16.0,67.0,22.0,6.0,1606722006.0,Mabuhay,166722006.0,Bgy,,,,R
16.0,67.0,22.0,7.0,1606722007.0,Mayag,166722007.0,Bgy,,,,R
16.0,67.0,22.0,8.0,1606722008.0,Poblacion,166722008.0,Bgy,San Pedro,,,U
16.0,67.0,22.0,9.0,1606722009.0,San Isidro,166722009.0,Bgy,,,,R
16.0,67.0,22.0,10.0,1606722010.0,San Pablo,166722010.0,Bgy,,,,R
16.0,67.0,22.0,11.0,1606722011.0,Tagbayani,166722011.0,Bgy,,,,R
16.0,67.0,22.0,12.0,1606722012.0,Tinogpahan,166722012.0,Bgy,,,,R
16.0,67.0,22.0,13.0,1606722013.0,Upper Patag,166722013.0,Bgy,,,,R
16.0,67.0,23.0,0.0,1606723000.0,Socorro,166723000.0,Mun,,,4th,
16.0,67.0,23.0,1.0,1606723001.0,Del Pilar,166723001.0,Bgy,,,,R
16.0,67.0,23.0,2.0,1606723002.0,Helene,166723002.0,Bgy,,,,R
16.0,67.0,23.0,3.0,1606723003.0,Honrado,166723003.0,Bgy,,,,R
16.0,67.0,23.0,4.0,1606723004.0,Navarro ,166723004.0,Bgy,,,,U
16.0,67.0,23.0,5.0,1606723005.0,Nueva Estrella,166723005.0,Bgy,,,,R
16.0,67.0,23.0,6.0,1606723006.0,Pamosaingan,166723006.0,Bgy,,,,R
16.0,67.0,23.0,7.0,1606723007.0,Rizal ,166723007.0,Bgy,,,,U
16.0,67.0,23.0,8.0,1606723008.0,Salog,166723008.0,Bgy,,,,R
16.0,67.0,23.0,9.0,1606723009.0,San Roque,166723009.0,Bgy,,,,R
16.0,67.0,23.0,10.0,1606723010.0,Santa Cruz,166723010.0,Bgy,,,,R
16.0,67.0,23.0,11.0,1606723011.0,Sering,166723011.0,Bgy,,,,R
16.0,67.0,23.0,12.0,1606723012.0,Songkoy,166723012.0,Bgy,,,,R
16.0,67.0,23.0,13.0,1606723013.0,Sudlon,166723013.0,Bgy,,,,R
16.0,67.0,23.0,14.0,1606723014.0,Albino Taruc,166723014.0,Bgy,,,,R
16.0,67.0,24.0,0.0,1606724000.0,City of Surigao ,166724000.0,City,,CC,3rd,
16.0,67.0,24.0,1.0,1606724001.0,Alang-alang,166724001.0,Bgy,,,,R
16.0,67.0,24.0,2.0,1606724002.0,Alegria,166724002.0,Bgy,,,,R
16.0,67.0,24.0,3.0,1606724003.0,Anomar,166724003.0,Bgy,,,,R
16.0,67.0,24.0,4.0,1606724004.0,Aurora,166724004.0,Bgy,,,,R
16.0,67.0,24.0,5.0,1606724005.0,Serna,166724005.0,Bgy,Bad-asay,,,R
16.0,67.0,24.0,6.0,1606724006.0,Balibayon,166724006.0,Bgy,,,,R
16.0,67.0,24.0,7.0,1606724007.0,Baybay,166724007.0,Bgy,,,,R
16.0,67.0,24.0,8.0,1606724008.0,Bilabid,166724008.0,Bgy,,,,R
16.0,67.0,24.0,10.0,1606724010.0,Bitaugan,166724010.0,Bgy,,,,R
16.0,67.0,24.0,11.0,1606724011.0,Bonifacio,166724011.0,Bgy,,,,R
16.0,67.0,24.0,12.0,1606724012.0,Buenavista,166724012.0,Bgy,,,,R
16.0,67.0,24.0,13.0,1606724013.0,Cabongbongan,166724013.0,Bgy,,,,R
16.0,67.0,24.0,14.0,1606724014.0,Cagniog,166724014.0,Bgy,,,,U
16.0,67.0,24.0,15.0,1606724015.0,Cagutsan,166724015.0,Bgy,,,,R
16.0,67.0,24.0,16.0,1606724016.0,Cantiasay,166724016.0,Bgy,,,,R
16.0,67.0,24.0,17.0,1606724017.0,Capalayan,166724017.0,Bgy,,,,R
16.0,67.0,24.0,18.0,1606724018.0,Catadman,166724018.0,Bgy,,,,R
16.0,67.0,24.0,19.0,1606724019.0,Danao,166724019.0,Bgy,,,,R
16.0,67.0,24.0,20.0,1606724020.0,Danawan,166724020.0,Bgy,,,,R
16.0,67.0,24.0,21.0,1606724021.0,Day-asan,166724021.0,Bgy,,,,R
16.0,67.0,24.0,22.0,1606724022.0,Ipil,166724022.0,Bgy,,,,R
16.0,67.0,24.0,23.0,1606724023.0,Libuac,166724023.0,Bgy,,,,R
16.0,67.0,24.0,24.0,1606724024.0,Lipata,166724024.0,Bgy,,,,R
16.0,67.0,24.0,25.0,1606724025.0,Lisondra,166724025.0,Bgy,,,,R
16.0,67.0,24.0,26.0,1606724026.0,Luna,166724026.0,Bgy,,,,U
16.0,67.0,24.0,27.0,1606724027.0,Mabini,166724027.0,Bgy,,,,R
16.0,67.0,24.0,28.0,1606724028.0,Mabua,166724028.0,Bgy,,,,U
16.0,67.0,24.0,29.0,1606724029.0,Manyagao,166724029.0,Bgy,,,,R
16.0,67.0,24.0,30.0,1606724030.0,Mapawa,166724030.0,Bgy,,,,R
16.0,67.0,24.0,31.0,1606724031.0,Mat-i,166724031.0,Bgy,,,,U
16.0,67.0,24.0,32.0,1606724032.0,Nabago,166724032.0,Bgy,,,,R
16.0,67.0,24.0,33.0,1606724033.0,Nonoc,166724033.0,Bgy,,,,R
16.0,67.0,24.0,34.0,1606724034.0,Poctoy,166724034.0,Bgy,,,,R
16.0,67.0,24.0,35.0,1606724035.0,Punta Bilar,166724035.0,Bgy,,,,R
16.0,67.0,24.0,36.0,1606724036.0,Quezon,166724036.0,Bgy,,,,R
16.0,67.0,24.0,37.0,1606724037.0,Rizal,166724037.0,Bgy,,,,U
16.0,67.0,24.0,38.0,1606724038.0,Sabang,166724038.0,Bgy,,,,U
16.0,67.0,24.0,39.0,1606724039.0,San Isidro,166724039.0,Bgy,,,,R
16.0,67.0,24.0,40.0,1606724040.0,San Jose,166724040.0,Bgy,,,,R
16.0,67.0,24.0,41.0,1606724041.0,San Juan,166724041.0,Bgy,,,,U
16.0,67.0,24.0,42.0,1606724042.0,San Pedro,166724042.0,Bgy,Hanigad,,,R
16.0,67.0,24.0,43.0,1606724043.0,San Roque,166724043.0,Bgy,,,,R
16.0,67.0,24.0,44.0,1606724044.0,Sidlakan,166724044.0,Bgy,,,,R
16.0,67.0,24.0,45.0,1606724045.0,Silop,166724045.0,Bgy,,,,R
16.0,67.0,24.0,46.0,1606724046.0,Sugbay,166724046.0,Bgy,,,,R
16.0,67.0,24.0,47.0,1606724047.0,Sukailang,166724047.0,Bgy,,,,R
16.0,67.0,24.0,48.0,1606724048.0,Taft ,166724048.0,Bgy,,,,U
16.0,67.0,24.0,64.0,1606724064.0,Talisay,166724064.0,Bgy,,,,R
16.0,67.0,24.0,65.0,1606724065.0,Togbongon,166724065.0,Bgy,,,,R
16.0,67.0,24.0,66.0,1606724066.0,Trinidad,166724066.0,Bgy,,,,R
16.0,67.0,24.0,67.0,1606724067.0,Orok,166724067.0,Bgy,,,,R
16.0,67.0,24.0,68.0,1606724068.0,Washington ,166724068.0,Bgy,,,,U
16.0,67.0,24.0,95.0,1606724095.0,Zaragoza,166724095.0,Bgy,,,,R
16.0,67.0,24.0,96.0,1606724096.0,Canlanipa,166724096.0,Bgy,,,,U
16.0,67.0,25.0,0.0,1606725000.0,Tagana-An,166725000.0,Mun,,,5th*,
16.0,67.0,25.0,1.0,1606725001.0,Aurora ,166725001.0,Bgy,,,,R
16.0,67.0,25.0,2.0,1606725002.0,Azucena ,166725002.0,Bgy,,,,R
16.0,67.0,25.0,3.0,1606725003.0,Banban,166725003.0,Bgy,,,,R
16.0,67.0,25.0,4.0,1606725004.0,Cawilan,166725004.0,Bgy,,,,R
16.0,67.0,25.0,5.0,1606725005.0,Fabio,166725005.0,Bgy,,,,R
16.0,67.0,25.0,7.0,1606725007.0,Himamaug,166725007.0,Bgy,,,,R
16.0,67.0,25.0,8.0,1606725008.0,Laurel,166725008.0,Bgy,,,,R
16.0,67.0,25.0,9.0,1606725009.0,Lower Libas,166725009.0,Bgy,,,,R
16.0,67.0,25.0,10.0,1606725010.0,Opong,166725010.0,Bgy,,,,R
16.0,67.0,25.0,11.0,1606725011.0,Sampaguita ,166725011.0,Bgy,,,,R
16.0,67.0,25.0,12.0,1606725012.0,Talavera,166725012.0,Bgy,,,,U
16.0,67.0,25.0,13.0,1606725013.0,Union,166725013.0,Bgy,,,,R
16.0,67.0,25.0,14.0,1606725014.0,Upper Libas,166725014.0,Bgy,,,,R
16.0,67.0,25.0,15.0,1606725015.0,Patino,166725015.0,Bgy,,,,R
16.0,67.0,27.0,0.0,1606727000.0,Tubod,166727000.0,Mun,,,5th,
16.0,67.0,27.0,1.0,1606727001.0,Capayahan,166727001.0,Bgy,,,,R
16.0,67.0,27.0,2.0,1606727002.0,Cawilan,166727002.0,Bgy,,,,R
16.0,67.0,27.0,3.0,1606727003.0,Del Rosario,166727003.0,Bgy,,,,R
16.0,67.0,27.0,4.0,1606727004.0,Marga,166727004.0,Bgy,,,,R
16.0,67.0,27.0,5.0,1606727005.0,Motorpool,166727005.0,Bgy,,,,R
16.0,67.0,27.0,6.0,1606727006.0,Poblacion,166727006.0,Bgy,Tubod,,,R
16.0,67.0,27.0,7.0,1606727007.0,San Isidro,166727007.0,Bgy,,,,R
16.0,67.0,27.0,8.0,1606727008.0,Timamana,166727008.0,Bgy,,,,R
16.0,67.0,27.0,9.0,1606727009.0,San Pablo,166727009.0,Bgy,,,,R
16.0,68.0,0.0,0.0,1606800000.0,Surigao del Sur,166800000.0,Prov,,,1st,
16.0,68.0,1.0,0.0,1606801000.0,Barobo,166801000.0,Mun,,,3rd,
16.0,68.0,1.0,1.0,1606801001.0,Amaga,166801001.0,Bgy,,,,R
16.0,68.0,1.0,2.0,1606801002.0,Bahi,166801002.0,Bgy,,,,R
16.0,68.0,1.0,3.0,1606801003.0,Cabacungan,166801003.0,Bgy,,,,R
16.0,68.0,1.0,5.0,1606801005.0,Cambagang,166801005.0,Bgy,,,,R
16.0,68.0,1.0,6.0,1606801006.0,Causwagan,166801006.0,Bgy,,,,R
16.0,68.0,1.0,7.0,1606801007.0,Dapdap,166801007.0,Bgy,,,,R
16.0,68.0,1.0,8.0,1606801008.0,Dughan,166801008.0,Bgy,,,,R
16.0,68.0,1.0,9.0,1606801009.0,Gamut,166801009.0,Bgy,,,,R
16.0,68.0,1.0,10.0,1606801010.0,Javier,166801010.0,Bgy,,,,R
16.0,68.0,1.0,11.0,1606801011.0,Kinayan,166801011.0,Bgy,,,,R
16.0,68.0,1.0,13.0,1606801013.0,Mamis,166801013.0,Bgy,,,,R
16.0,68.0,1.0,15.0,1606801015.0,Poblacion,166801015.0,Bgy,,,,U
16.0,68.0,1.0,16.0,1606801016.0,Rizal,166801016.0,Bgy,,,,R
16.0,68.0,1.0,17.0,1606801017.0,San Jose,166801017.0,Bgy,,,,R
16.0,68.0,1.0,19.0,1606801019.0,San Vicente,166801019.0,Bgy,,,,R
16.0,68.0,1.0,20.0,1606801020.0,Sua,166801020.0,Bgy,,,,R
16.0,68.0,1.0,21.0,1606801021.0,Sudlon,166801021.0,Bgy,,,,R
16.0,68.0,1.0,23.0,1606801023.0,Unidad,166801023.0,Bgy,,,,R
16.0,68.0,1.0,24.0,1606801024.0,Wakat,166801024.0,Bgy,,,,R
16.0,68.0,1.0,25.0,1606801025.0,San Roque,166801025.0,Bgy,,,,R
16.0,68.0,1.0,26.0,1606801026.0,Tambis,166801026.0,Bgy,,,,U
16.0,68.0,2.0,0.0,1606802000.0,Bayabas,166802000.0,Mun,,,5th,
16.0,68.0,2.0,1.0,1606802001.0,Amag,166802001.0,Bgy,,,,R
16.0,68.0,2.0,2.0,1606802002.0,Balete ,166802002.0,Bgy,,,,R
16.0,68.0,2.0,3.0,1606802003.0,Cabugo,166802003.0,Bgy,,,,R
16.0,68.0,2.0,4.0,1606802004.0,Cagbaoto,166802004.0,Bgy,,,,R
16.0,68.0,2.0,5.0,1606802005.0,La Paz,166802005.0,Bgy,,,,R
16.0,68.0,2.0,6.0,1606802006.0,Magobawok,166802006.0,Bgy,,,,R
16.0,68.0,2.0,7.0,1606802007.0,Panaosawon,166802007.0,Bgy,,,,R
16.0,68.0,3.0,0.0,1606803000.0,City of Bislig,166803000.0,City,,CC,3rd,
16.0,68.0,3.0,2.0,1606803002.0,Bucto,166803002.0,Bgy,,,,R
16.0,68.0,3.0,3.0,1606803003.0,Burboanan,166803003.0,Bgy,,,,R
16.0,68.0,3.0,4.0,1606803004.0,San Roque,166803004.0,Bgy,Cadanglasan,,,U
16.0,68.0,3.0,5.0,1606803005.0,Caguyao,166803005.0,Bgy,,,,R
16.0,68.0,3.0,6.0,1606803006.0,Coleto,166803006.0,Bgy,,,,R
16.0,68.0,3.0,7.0,1606803007.0,Labisma,166803007.0,Bgy,,,,R
16.0,68.0,3.0,8.0,1606803008.0,Lawigan,166803008.0,Bgy,,,,R
16.0,68.0,3.0,9.0,1606803009.0,Mangagoy,166803009.0,Bgy,,,,U
16.0,68.0,3.0,10.0,1606803010.0,Mone,166803010.0,Bgy,,,,R
16.0,68.0,3.0,11.0,1606803011.0,Pamaypayan,166803011.0,Bgy,,,,R
16.0,68.0,3.0,12.0,1606803012.0,Poblacion,166803012.0,Bgy,,,,U
16.0,68.0,3.0,13.0,1606803013.0,San Antonio,166803013.0,Bgy,,,,R
16.0,68.0,3.0,14.0,1606803014.0,San Fernando,166803014.0,Bgy,,,,U
16.0,68.0,3.0,15.0,1606803015.0,San Isidro,166803015.0,Bgy,Bagnan,,,R
16.0,68.0,3.0,16.0,1606803016.0,San Jose,166803016.0,Bgy,,,,R
16.0,68.0,3.0,17.0,1606803017.0,San Vicente,166803017.0,Bgy,,,,R
16.0,68.0,3.0,18.0,1606803018.0,Santa Cruz,166803018.0,Bgy,,,,R
16.0,68.0,3.0,19.0,1606803019.0,Sibaroy,166803019.0,Bgy,,,,R
16.0,68.0,3.0,20.0,1606803020.0,Tabon,166803020.0,Bgy,,,,U
16.0,68.0,3.0,21.0,1606803021.0,Tumanan,166803021.0,Bgy,,,,R
16.0,68.0,3.0,22.0,1606803022.0,Pamanlinan,166803022.0,Bgy,,,,R
16.0,68.0,3.0,23.0,1606803023.0,Kahayag,166803023.0,Bgy,,,,R
16.0,68.0,3.0,24.0,1606803024.0,Maharlika,166803024.0,Bgy,,,,R
16.0,68.0,3.0,25.0,1606803025.0,Comawas,166803025.0,Bgy,,,,U
16.0,68.0,4.0,0.0,1606804000.0,Cagwait,166804000.0,Mun,,,4th,
16.0,68.0,4.0,1.0,1606804001.0,Aras-Asan,166804001.0,Bgy,,,,R
16.0,68.0,4.0,2.0,1606804002.0,Bacolod,166804002.0,Bgy,,,,R
16.0,68.0,4.0,3.0,1606804003.0,Bitaugan East,166804003.0,Bgy,,,,R
16.0,68.0,4.0,4.0,1606804004.0,Bitaugan West,166804004.0,Bgy,,,,R
16.0,68.0,4.0,5.0,1606804005.0,Tawagan,166804005.0,Bgy,,,,R
16.0,68.0,4.0,6.0,1606804006.0,Lactudan,166804006.0,Bgy,,,,R
16.0,68.0,4.0,7.0,1606804007.0,Mat-e,166804007.0,Bgy,,,,R
16.0,68.0,4.0,8.0,1606804008.0,La Purisima,166804008.0,Bgy,Palhe,,,R
16.0,68.0,4.0,9.0,1606804009.0,Poblacion,166804009.0,Bgy,,,,R
16.0,68.0,4.0,11.0,1606804011.0,Unidad,166804011.0,Bgy,,,,R
16.0,68.0,4.0,12.0,1606804012.0,Tubo-tubo,166804012.0,Bgy,,,,R
16.0,68.0,5.0,0.0,1606805000.0,Cantilan,166805000.0,Mun,,,2nd,
16.0,68.0,5.0,2.0,1606805002.0,Bugsukan,166805002.0,Bgy,,,,R
16.0,68.0,5.0,3.0,1606805003.0,Buntalid,166805003.0,Bgy,,,,R
16.0,68.0,5.0,4.0,1606805004.0,Cabangahan,166805004.0,Bgy,,,,R
16.0,68.0,5.0,5.0,1606805005.0,Cabas-an,166805005.0,Bgy,,,,R
16.0,68.0,5.0,6.0,1606805006.0,Calagdaan,166805006.0,Bgy,,,,R
16.0,68.0,5.0,7.0,1606805007.0,Consuelo,166805007.0,Bgy,,,,R
16.0,68.0,5.0,8.0,1606805008.0,General Island,166805008.0,Bgy,,,,R
16.0,68.0,5.0,9.0,1606805009.0,Lininti-an ,166805009.0,Bgy,,,,U
16.0,68.0,5.0,10.0,1606805010.0,Magasang,166805010.0,Bgy,,,,R
16.0,68.0,5.0,11.0,1606805011.0,Magosilom ,166805011.0,Bgy,,,,U
16.0,68.0,5.0,12.0,1606805012.0,Pag-Antayan,166805012.0,Bgy,,,,R
16.0,68.0,5.0,13.0,1606805013.0,Palasao,166805013.0,Bgy,,,,R
16.0,68.0,5.0,14.0,1606805014.0,Parang,166805014.0,Bgy,,,,R
16.0,68.0,5.0,15.0,1606805015.0,Tapi,166805015.0,Bgy,,,,R
16.0,68.0,5.0,16.0,1606805016.0,Tigabong,166805016.0,Bgy,,,,R
16.0,68.0,5.0,17.0,1606805017.0,Lobo,166805017.0,Bgy,,,,R
16.0,68.0,5.0,18.0,1606805018.0,San Pedro,166805018.0,Bgy,,,,R
16.0,68.0,6.0,0.0,1606806000.0,Carmen,166806000.0,Mun,,,5th,
16.0,68.0,6.0,1.0,1606806001.0,Antao,166806001.0,Bgy,,,,R
16.0,68.0,6.0,2.0,1606806002.0,Cancavan,166806002.0,Bgy,,,,R
16.0,68.0,6.0,3.0,1606806003.0,Carmen ,166806003.0,Bgy,,,,R
16.0,68.0,6.0,4.0,1606806004.0,Esperanza,166806004.0,Bgy,,,,R
16.0,68.0,6.0,5.0,1606806005.0,Puyat,166806005.0,Bgy,,,,R
16.0,68.0,6.0,6.0,1606806006.0,San Vicente,166806006.0,Bgy,,,,R
16.0,68.0,6.0,7.0,1606806007.0,Santa Cruz,166806007.0,Bgy,,,,R
16.0,68.0,6.0,8.0,1606806008.0,Hinapoyan,166806008.0,Bgy,,,,R
16.0,68.0,7.0,0.0,1606807000.0,Carrascal,166807000.0,Mun,,,4th,
16.0,68.0,7.0,1.0,1606807001.0,Adlay,166807001.0,Bgy,,,,U
16.0,68.0,7.0,2.0,1606807002.0,Babuyan,166807002.0,Bgy,,,,R
16.0,68.0,7.0,3.0,1606807003.0,Bacolod,166807003.0,Bgy,,,,R
16.0,68.0,7.0,4.0,1606807004.0,Baybay ,166807004.0,Bgy,,,,R
16.0,68.0,7.0,5.0,1606807005.0,Bon-ot,166807005.0,Bgy,,,,U
16.0,68.0,7.0,6.0,1606807006.0,Caglayag,166807006.0,Bgy,,,,R
16.0,68.0,7.0,7.0,1606807007.0,Dahican,166807007.0,Bgy,,,,R
16.0,68.0,7.0,8.0,1606807008.0,Doyos ,166807008.0,Bgy,,,,R
16.0,68.0,7.0,9.0,1606807009.0,Embarcadero ,166807009.0,Bgy,,,,R
16.0,68.0,7.0,10.0,1606807010.0,Gamuton,166807010.0,Bgy,,,,R
16.0,68.0,7.0,11.0,1606807011.0,Panikian,166807011.0,Bgy,,,,U
16.0,68.0,7.0,12.0,1606807012.0,Pantukan,166807012.0,Bgy,,,,R
16.0,68.0,7.0,13.0,1606807013.0,Saca ,166807013.0,Bgy,,,,R
16.0,68.0,7.0,14.0,1606807014.0,Tag-Anito,166807014.0,Bgy,,,,R
16.0,68.0,8.0,0.0,1606808000.0,Cortes,166808000.0,Mun,,,4th,
16.0,68.0,8.0,1.0,1606808001.0,Balibadon,166808001.0,Bgy,,,,R
16.0,68.0,8.0,2.0,1606808002.0,Burgos,166808002.0,Bgy,,,,R
16.0,68.0,8.0,3.0,1606808003.0,Capandan,166808003.0,Bgy,,,,R
16.0,68.0,8.0,4.0,1606808004.0,Mabahin,166808004.0,Bgy,,,,R
16.0,68.0,8.0,5.0,1606808005.0,Madrelino,166808005.0,Bgy,,,,R
16.0,68.0,8.0,6.0,1606808006.0,Manlico,166808006.0,Bgy,,,,R
16.0,68.0,8.0,7.0,1606808007.0,Matho,166808007.0,Bgy,,,,R
16.0,68.0,8.0,8.0,1606808008.0,Poblacion,166808008.0,Bgy,,,,R
16.0,68.0,8.0,9.0,1606808009.0,Tag-Anongan,166808009.0,Bgy,,,,R
16.0,68.0,8.0,10.0,1606808010.0,Tigao,166808010.0,Bgy,,,,R
16.0,68.0,8.0,11.0,1606808011.0,Tuboran,166808011.0,Bgy,,,,R
16.0,68.0,8.0,12.0,1606808012.0,Uba,166808012.0,Bgy,,,,R
16.0,68.0,9.0,0.0,1606809000.0,Hinatuan,166809000.0,Mun,,,2nd,
16.0,68.0,9.0,2.0,1606809002.0,Baculin,166809002.0,Bgy,,,,R
16.0,68.0,9.0,4.0,1606809004.0,Bigaan,166809004.0,Bgy,,,,R
16.0,68.0,9.0,5.0,1606809005.0,Cambatong,166809005.0,Bgy,,,,R
16.0,68.0,9.0,6.0,1606809006.0,Campa,166809006.0,Bgy,,,,R
16.0,68.0,9.0,9.0,1606809009.0,Dugmanon,166809009.0,Bgy,,,,R
16.0,68.0,9.0,10.0,1606809010.0,Harip,166809010.0,Bgy,,,,R
16.0,68.0,9.0,12.0,1606809012.0,La Casa ,166809012.0,Bgy,,,,U
16.0,68.0,9.0,14.0,1606809014.0,Loyola,166809014.0,Bgy,,,,R
16.0,68.0,9.0,17.0,1606809017.0,Maligaya,166809017.0,Bgy,,,,R
16.0,68.0,9.0,21.0,1606809021.0,Pagtigni-an,166809021.0,Bgy,Bitoon,,,R
16.0,68.0,9.0,22.0,1606809022.0,Pocto,166809022.0,Bgy,,,,R
16.0,68.0,9.0,23.0,1606809023.0,Port Lamon,166809023.0,Bgy,,,,R
16.0,68.0,9.0,25.0,1606809025.0,Roxas,166809025.0,Bgy,,,,R
16.0,68.0,9.0,26.0,1606809026.0,San Juan,166809026.0,Bgy,,,,R
16.0,68.0,9.0,31.0,1606809031.0,Sasa,166809031.0,Bgy,,,,R
16.0,68.0,9.0,34.0,1606809034.0,Tagasaka,166809034.0,Bgy,,,,R
16.0,68.0,9.0,37.0,1606809037.0,Talisay,166809037.0,Bgy,,,,R
16.0,68.0,9.0,38.0,1606809038.0,Tarusan,166809038.0,Bgy,,,,R
16.0,68.0,9.0,39.0,1606809039.0,Tidman,166809039.0,Bgy,,,,R
16.0,68.0,9.0,40.0,1606809040.0,Tiwi,166809040.0,Bgy,,,,R
16.0,68.0,9.0,41.0,1606809041.0,Benigno Aquino,166809041.0,Bgy,Zone I Pob.,,,R
16.0,68.0,9.0,42.0,1606809042.0,Zone II ,166809042.0,Bgy,,,,R
16.0,68.0,9.0,43.0,1606809043.0,Zone III Maharlika ,166809043.0,Bgy,,,,R
16.0,68.0,9.0,44.0,1606809044.0,Tagbobonga,166809044.0,Bgy,,,,R
16.0,68.0,10.0,0.0,1606810000.0,Lanuza,166810000.0,Mun,,,4th,
16.0,68.0,10.0,1.0,1606810001.0,Agsam,166810001.0,Bgy,,,,R
16.0,68.0,10.0,3.0,1606810003.0,Bocawe,166810003.0,Bgy,,,,R
16.0,68.0,10.0,4.0,1606810004.0,Bunga,166810004.0,Bgy,,,,R
16.0,68.0,10.0,8.0,1606810008.0,Gamuton,166810008.0,Bgy,,,,R
16.0,68.0,10.0,9.0,1606810009.0,Habag,166810009.0,Bgy,,,,R
16.0,68.0,10.0,10.0,1606810010.0,Mampi,166810010.0,Bgy,,,,R
16.0,68.0,10.0,11.0,1606810011.0,Nurcia,166810011.0,Bgy,,,,R
16.0,68.0,10.0,15.0,1606810015.0,Sibahay,166810015.0,Bgy,,,,R
16.0,68.0,10.0,16.0,1606810016.0,Zone I ,166810016.0,Bgy,,,,R
16.0,68.0,10.0,17.0,1606810017.0,Pakwan,166810017.0,Bgy,,,,R
16.0,68.0,10.0,18.0,1606810018.0,Zone II ,166810018.0,Bgy,,,,R
16.0,68.0,10.0,19.0,1606810019.0,Zone III ,166810019.0,Bgy,,,,R
16.0,68.0,10.0,20.0,1606810020.0,Zone IV ,166810020.0,Bgy,,,,R
16.0,68.0,11.0,0.0,1606811000.0,Lianga,166811000.0,Mun,,,4th,
16.0,68.0,11.0,1.0,1606811001.0,Anibongan,166811001.0,Bgy,,,,R
16.0,68.0,11.0,2.0,1606811002.0,Banahao,166811002.0,Bgy,,,,R
16.0,68.0,11.0,3.0,1606811003.0,Ban-as,166811003.0,Bgy,,,,R
16.0,68.0,11.0,4.0,1606811004.0,Baucawe,166811004.0,Bgy,,,,R
16.0,68.0,11.0,5.0,1606811005.0,Diatagon,166811005.0,Bgy,,,,U
16.0,68.0,11.0,6.0,1606811006.0,Ganayon,166811006.0,Bgy,,,,R
16.0,68.0,11.0,7.0,1606811007.0,Liatimco,166811007.0,Bgy,,,,R
16.0,68.0,11.0,8.0,1606811008.0,Manyayay,166811008.0,Bgy,,,,R
16.0,68.0,11.0,9.0,1606811009.0,Payasan,166811009.0,Bgy,,,,R
16.0,68.0,11.0,10.0,1606811010.0,Poblacion,166811010.0,Bgy,,,,R
16.0,68.0,11.0,11.0,1606811011.0,Saint Christine,166811011.0,Bgy,,,,R
16.0,68.0,11.0,12.0,1606811012.0,San Isidro,166811012.0,Bgy,,,,R
16.0,68.0,11.0,13.0,1606811013.0,San Pedro,166811013.0,Bgy,,,,R
16.0,68.0,12.0,0.0,1606812000.0,Lingig,166812000.0,Mun,,,2nd,
16.0,68.0,12.0,1.0,1606812001.0,Anibongan,166812001.0,Bgy,,,,R
16.0,68.0,12.0,2.0,1606812002.0,Barcelona,166812002.0,Bgy,,,,R
16.0,68.0,12.0,3.0,1606812003.0,Bongan,166812003.0,Bgy,,,,R
16.0,68.0,12.0,4.0,1606812004.0,Bogak,166812004.0,Bgy,,,,R
16.0,68.0,12.0,5.0,1606812005.0,Handamayan,166812005.0,Bgy,,,,R
16.0,68.0,12.0,6.0,1606812006.0,Mahayahay,166812006.0,Bgy,,,,R
16.0,68.0,12.0,7.0,1606812007.0,Mandus,166812007.0,Bgy,,,,R
16.0,68.0,12.0,8.0,1606812008.0,Mansa-ilao,166812008.0,Bgy,,,,R
16.0,68.0,12.0,9.0,1606812009.0,Pagtila-an,166812009.0,Bgy,,,,R
16.0,68.0,12.0,10.0,1606812010.0,Palo Alto,166812010.0,Bgy,,,,R
16.0,68.0,12.0,11.0,1606812011.0,Poblacion,166812011.0,Bgy,,,,U
16.0,68.0,12.0,12.0,1606812012.0,Rajah Cabungso-an,166812012.0,Bgy,,,,R
16.0,68.0,12.0,13.0,1606812013.0,Sabang,166812013.0,Bgy,,,,R
16.0,68.0,12.0,14.0,1606812014.0,Salvacion,166812014.0,Bgy,,,,R
16.0,68.0,12.0,15.0,1606812015.0,San Roque,166812015.0,Bgy,,,,R
16.0,68.0,12.0,16.0,1606812016.0,Tagpoporan,166812016.0,Bgy,,,,R
16.0,68.0,12.0,17.0,1606812017.0,Union,166812017.0,Bgy,,,,R
16.0,68.0,12.0,18.0,1606812018.0,Valencia,166812018.0,Bgy,,,,R
16.0,68.0,13.0,0.0,1606813000.0,Madrid,166813000.0,Mun,,,4th,
16.0,68.0,13.0,1.0,1606813001.0,Bagsac,166813001.0,Bgy,,,,R
16.0,68.0,13.0,2.0,1606813002.0,Bayogo,166813002.0,Bgy,,,,R
16.0,68.0,13.0,3.0,1606813003.0,Magsaysay,166813003.0,Bgy,,,,R
16.0,68.0,13.0,4.0,1606813004.0,Manga,166813004.0,Bgy,,,,R
16.0,68.0,13.0,5.0,1606813005.0,Panayogon,166813005.0,Bgy,,,,R
16.0,68.0,13.0,6.0,1606813006.0,Patong Patong,166813006.0,Bgy,,,,R
16.0,68.0,13.0,7.0,1606813007.0,Quirino ,166813007.0,Bgy,,,,U
16.0,68.0,13.0,8.0,1606813008.0,San Antonio,166813008.0,Bgy,,,,R
16.0,68.0,13.0,9.0,1606813009.0,San Juan,166813009.0,Bgy,,,,R
16.0,68.0,13.0,10.0,1606813010.0,San Roque,166813010.0,Bgy,,,,R
16.0,68.0,13.0,11.0,1606813011.0,San Vicente,166813011.0,Bgy,,,,R
16.0,68.0,13.0,12.0,1606813012.0,Songkit,166813012.0,Bgy,,,,R
16.0,68.0,13.0,13.0,1606813013.0,Union,166813013.0,Bgy,,,,R
16.0,68.0,13.0,14.0,1606813014.0,Linibonan,166813014.0,Bgy,,,,R
16.0,68.0,14.0,0.0,1606814000.0,Marihatag,166814000.0,Mun,,,3rd,
16.0,68.0,14.0,1.0,1606814001.0,Alegria,166814001.0,Bgy,,,,R
16.0,68.0,14.0,2.0,1606814002.0,Amontay,166814002.0,Bgy,,,,R
16.0,68.0,14.0,3.0,1606814003.0,Antipolo,166814003.0,Bgy,,,,R
16.0,68.0,14.0,4.0,1606814004.0,Arorogan,166814004.0,Bgy,,,,R
16.0,68.0,14.0,5.0,1606814005.0,Bayan,166814005.0,Bgy,,,,R
16.0,68.0,14.0,6.0,1606814006.0,Mahaba,166814006.0,Bgy,,,,R
16.0,68.0,14.0,7.0,1606814007.0,Mararag,166814007.0,Bgy,,,,R
16.0,68.0,14.0,8.0,1606814008.0,Poblacion,166814008.0,Bgy,,,,R
16.0,68.0,14.0,9.0,1606814009.0,San Antonio,166814009.0,Bgy,,,,R
16.0,68.0,14.0,10.0,1606814010.0,San Isidro,166814010.0,Bgy,,,,R
16.0,68.0,14.0,11.0,1606814011.0,San Pedro,166814011.0,Bgy,,,,R
16.0,68.0,14.0,12.0,1606814012.0,Santa Cruz,166814012.0,Bgy,,,,R
16.0,68.0,15.0,0.0,1606815000.0,San Agustin,166815000.0,Mun,,,4th,
16.0,68.0,15.0,1.0,1606815001.0,Bretania,166815001.0,Bgy,,,,R
16.0,68.0,15.0,2.0,1606815002.0,Buatong,166815002.0,Bgy,,,,R
16.0,68.0,15.0,3.0,1606815003.0,Buhisan,166815003.0,Bgy,,,,R
16.0,68.0,15.0,4.0,1606815004.0,Gata,166815004.0,Bgy,,,,R
16.0,68.0,15.0,5.0,1606815005.0,Hornasan,166815005.0,Bgy,,,,R
16.0,68.0,15.0,6.0,1606815006.0,Janipaan,166815006.0,Bgy,,,,R
16.0,68.0,15.0,7.0,1606815007.0,Kauswagan,166815007.0,Bgy,,,,R
16.0,68.0,15.0,8.0,1606815008.0,Oteiza,166815008.0,Bgy,,,,R
16.0,68.0,15.0,9.0,1606815009.0,Poblacion,166815009.0,Bgy,,,,R
16.0,68.0,15.0,10.0,1606815010.0,Pong-on,166815010.0,Bgy,,,,R
16.0,68.0,15.0,11.0,1606815011.0,Pongtod,166815011.0,Bgy,,,,R
16.0,68.0,15.0,12.0,1606815012.0,Salvacion,166815012.0,Bgy,,,,R
16.0,68.0,15.0,13.0,1606815013.0,Santo Niño,166815013.0,Bgy,,,,R
16.0,68.0,16.0,0.0,1606816000.0,San Miguel,166816000.0,Mun,,,1st,
16.0,68.0,16.0,1.0,1606816001.0,Bagyang,166816001.0,Bgy,,,,R
16.0,68.0,16.0,2.0,1606816002.0,Baras,166816002.0,Bgy,,,,R
16.0,68.0,16.0,3.0,1606816003.0,Bitaugan,166816003.0,Bgy,,,,R
16.0,68.0,16.0,4.0,1606816004.0,Bolhoon,166816004.0,Bgy,,,,U
16.0,68.0,16.0,5.0,1606816005.0,Calatngan,166816005.0,Bgy,,,,R
16.0,68.0,16.0,6.0,1606816006.0,Carromata,166816006.0,Bgy,,,,R
16.0,68.0,16.0,7.0,1606816007.0,Castillo,166816007.0,Bgy,,,,R
16.0,68.0,16.0,8.0,1606816008.0,Libas Gua,166816008.0,Bgy,,,,R
16.0,68.0,16.0,9.0,1606816009.0,Libas Sud,166816009.0,Bgy,,,,R
16.0,68.0,16.0,10.0,1606816010.0,Magroyong,166816010.0,Bgy,,,,R
16.0,68.0,16.0,11.0,1606816011.0,Mahayag,166816011.0,Bgy,Maitum,,,R
16.0,68.0,16.0,12.0,1606816012.0,Patong,166816012.0,Bgy,,,,R
16.0,68.0,16.0,13.0,1606816013.0,Poblacion,166816013.0,Bgy,,,,R
16.0,68.0,16.0,14.0,1606816014.0,Sagbayan,166816014.0,Bgy,,,,R
16.0,68.0,16.0,16.0,1606816016.0,San Roque,166816016.0,Bgy,,,,R
16.0,68.0,16.0,17.0,1606816017.0,Siagao,166816017.0,Bgy,,,,R
16.0,68.0,16.0,18.0,1606816018.0,Umalag,166816018.0,Bgy,,,,R
16.0,68.0,16.0,19.0,1606816019.0,Tina,166816019.0,Bgy,,,,R
16.0,68.0,17.0,0.0,1606817000.0,Tagbina,166817000.0,Mun,,,2nd,
16.0,68.0,17.0,1.0,1606817001.0,Batunan,166817001.0,Bgy,,,,R
16.0,68.0,17.0,2.0,1606817002.0,Carpenito,166817002.0,Bgy,,,,R
16.0,68.0,17.0,3.0,1606817003.0,Kahayagan,166817003.0,Bgy,,,,R
16.0,68.0,17.0,4.0,1606817004.0,Lago,166817004.0,Bgy,,,,R
16.0,68.0,17.0,6.0,1606817006.0,Maglambing,166817006.0,Bgy,,,,R
16.0,68.0,17.0,7.0,1606817007.0,Maglatab,166817007.0,Bgy,,,,R
16.0,68.0,17.0,8.0,1606817008.0,Magsaysay,166817008.0,Bgy,,,,R
16.0,68.0,17.0,9.0,1606817009.0,Malixi,166817009.0,Bgy,,,,R
16.0,68.0,17.0,10.0,1606817010.0,Manambia,166817010.0,Bgy,,,,R
16.0,68.0,17.0,11.0,1606817011.0,Osmeña,166817011.0,Bgy,,,,R
16.0,68.0,17.0,12.0,1606817012.0,Poblacion,166817012.0,Bgy,,,,U
16.0,68.0,17.0,13.0,1606817013.0,Quezon,166817013.0,Bgy,,,,R
16.0,68.0,17.0,14.0,1606817014.0,San Vicente,166817014.0,Bgy,,,,R
16.0,68.0,17.0,15.0,1606817015.0,Santa Cruz,166817015.0,Bgy,,,,R
16.0,68.0,17.0,16.0,1606817016.0,Santa Fe,166817016.0,Bgy,,,,R
16.0,68.0,17.0,17.0,1606817017.0,Santa Juana,166817017.0,Bgy,,,,R
16.0,68.0,17.0,18.0,1606817018.0,Santa Maria,166817018.0,Bgy,,,,R
16.0,68.0,17.0,19.0,1606817019.0,Sayon,166817019.0,Bgy,,,,R
16.0,68.0,17.0,20.0,1606817020.0,Soriano,166817020.0,Bgy,,,,R
16.0,68.0,17.0,21.0,1606817021.0,Tagongon,166817021.0,Bgy,,,,R
16.0,68.0,17.0,22.0,1606817022.0,Trinidad,166817022.0,Bgy,,,,R
16.0,68.0,17.0,23.0,1606817023.0,Ugoban,166817023.0,Bgy,,,,R
16.0,68.0,17.0,24.0,1606817024.0,Villaverde,166817024.0,Bgy,,,,R
16.0,68.0,17.0,25.0,1606817025.0,Doña Carmen,166817025.0,Bgy,,,,R
16.0,68.0,17.0,26.0,1606817026.0,Hinagdanan,166817026.0,Bgy,,,,R
16.0,68.0,18.0,0.0,1606818000.0,Tago,166818000.0,Mun,,,2nd,
16.0,68.0,18.0,1.0,1606818001.0,Alba,166818001.0,Bgy,,,,R
16.0,68.0,18.0,2.0,1606818002.0,Anahao Bag-o,166818002.0,Bgy,,,,R
16.0,68.0,18.0,3.0,1606818003.0,Anahao Daan,166818003.0,Bgy,,,,R
16.0,68.0,18.0,4.0,1606818004.0,Badong,166818004.0,Bgy,,,,R
16.0,68.0,18.0,5.0,1606818005.0,Bajao,166818005.0,Bgy,,,,R
16.0,68.0,18.0,6.0,1606818006.0,Bangsud,166818006.0,Bgy,,,,R
16.0,68.0,18.0,7.0,1606818007.0,Cagdapao,166818007.0,Bgy,,,,R
16.0,68.0,18.0,8.0,1606818008.0,Camagong,166818008.0,Bgy,,,,R
16.0,68.0,18.0,9.0,1606818009.0,Caras-an,166818009.0,Bgy,,,,R
16.0,68.0,18.0,10.0,1606818010.0,Cayale,166818010.0,Bgy,,,,R
16.0,68.0,18.0,11.0,1606818011.0,Dayo-an,166818011.0,Bgy,,,,R
16.0,68.0,18.0,12.0,1606818012.0,Gamut,166818012.0,Bgy,,,,R
16.0,68.0,18.0,13.0,1606818013.0,Jubang,166818013.0,Bgy,,,,R
16.0,68.0,18.0,14.0,1606818014.0,Kinabigtasan,166818014.0,Bgy,,,,R
16.0,68.0,18.0,15.0,1606818015.0,Layog,166818015.0,Bgy,,,,R
16.0,68.0,18.0,16.0,1606818016.0,Lindoy,166818016.0,Bgy,,,,R
16.0,68.0,18.0,17.0,1606818017.0,Mercedes,166818017.0,Bgy,,,,R
16.0,68.0,18.0,18.0,1606818018.0,Purisima ,166818018.0,Bgy,,,,U
16.0,68.0,18.0,19.0,1606818019.0,Sumo-sumo,166818019.0,Bgy,,,,R
16.0,68.0,18.0,20.0,1606818020.0,Umbay,166818020.0,Bgy,,,,R
16.0,68.0,18.0,21.0,1606818021.0,Unaban,166818021.0,Bgy,,,,R
16.0,68.0,18.0,22.0,1606818022.0,Unidos,166818022.0,Bgy,,,,R
16.0,68.0,18.0,23.0,1606818023.0,Victoria,166818023.0,Bgy,,,,U
16.0,68.0,18.0,24.0,1606818024.0,Cabangahan,166818024.0,Bgy,,,,R
16.0,68.0,19.0,0.0,1606819000.0,City of Tandag ,166819000.0,City,,CC,5th,
16.0,68.0,19.0,1.0,1606819001.0,Awasian,166819001.0,Bgy,,,,R
16.0,68.0,19.0,2.0,1606819002.0,Bagong Lungsod ,166819002.0,Bgy,,,,U
16.0,68.0,19.0,3.0,1606819003.0,Bioto,166819003.0,Bgy,,,,R
16.0,68.0,19.0,4.0,1606819004.0,Buenavista,166819004.0,Bgy,,,,R
16.0,68.0,19.0,5.0,1606819005.0,Bongtod Pob.,166819005.0,Bgy,East West,,,U
16.0,68.0,19.0,6.0,1606819006.0,Dagocdoc ,166819006.0,Bgy,,,,U
16.0,68.0,19.0,8.0,1606819008.0,Mabua,166819008.0,Bgy,,,,U
16.0,68.0,19.0,9.0,1606819009.0,Mabuhay,166819009.0,Bgy,,,,R
16.0,68.0,19.0,10.0,1606819010.0,Maitum,166819010.0,Bgy,,,,R
16.0,68.0,19.0,11.0,1606819011.0,Maticdum,166819011.0,Bgy,,,,R
16.0,68.0,19.0,12.0,1606819012.0,Pandanon,166819012.0,Bgy,,,,R
16.0,68.0,19.0,13.0,1606819013.0,Pangi,166819013.0,Bgy,,,,R
16.0,68.0,19.0,14.0,1606819014.0,Quezon,166819014.0,Bgy,,,,R
16.0,68.0,19.0,15.0,1606819015.0,Rosario,166819015.0,Bgy,,,,U
16.0,68.0,19.0,16.0,1606819016.0,Salvacion,166819016.0,Bgy,,,,R
16.0,68.0,19.0,17.0,1606819017.0,San Agustin Norte,166819017.0,Bgy,,,,R
16.0,68.0,19.0,18.0,1606819018.0,San Agustin Sur,166819018.0,Bgy,,,,U
16.0,68.0,19.0,19.0,1606819019.0,San Antonio,166819019.0,Bgy,,,,R
16.0,68.0,19.0,20.0,1606819020.0,San Isidro,166819020.0,Bgy,,,,R
16.0,68.0,19.0,21.0,1606819021.0,San Jose,166819021.0,Bgy,,,,R
16.0,68.0,19.0,22.0,1606819022.0,Telaje,166819022.0,Bgy,,,,U
16.0,85.0,0.0,0.0,1608500000.0,Dinagat Islands,168500000.0,Prov,,,4th,
16.0,85.0,1.0,0.0,1608501000.0,Basilisa,168501000.0,Mun,Rizal,,4th*,
16.0,85.0,1.0,2.0,1608501002.0,Catadman,168501002.0,Bgy,,,,R
16.0,85.0,1.0,3.0,1608501003.0,Columbus,168501003.0,Bgy,,,,R
16.0,85.0,1.0,4.0,1608501004.0,Coring,168501004.0,Bgy,,,,R
16.0,85.0,1.0,5.0,1608501005.0,Cortes,168501005.0,Bgy,,,,R
16.0,85.0,1.0,6.0,1608501006.0,Doña Helene,168501006.0,Bgy,,,,R
16.0,85.0,1.0,7.0,1608501007.0,Ferdinand,168501007.0,Bgy,,,,R
16.0,85.0,1.0,8.0,1608501008.0,Geotina,168501008.0,Bgy,,,,R
16.0,85.0,1.0,9.0,1608501009.0,Imee,168501009.0,Bgy,Bactasan,,,R
16.0,85.0,1.0,10.0,1608501010.0,Melgar,168501010.0,Bgy,,,,R
16.0,85.0,1.0,11.0,1608501011.0,Montag,168501011.0,Bgy,,,,R
16.0,85.0,1.0,12.0,1608501012.0,Navarro,168501012.0,Bgy,,,,R
16.0,85.0,1.0,13.0,1608501013.0,Poblacion,168501013.0,Bgy,,,,R
16.0,85.0,1.0,14.0,1608501014.0,Puerto Princesa,168501014.0,Bgy,,,,R
16.0,85.0,1.0,15.0,1608501015.0,Rita Glenda,168501015.0,Bgy,,,,R
16.0,85.0,1.0,16.0,1608501016.0,Roxas,168501016.0,Bgy,,,,R
16.0,85.0,1.0,17.0,1608501017.0,Sering,168501017.0,Bgy,,,,R
16.0,85.0,1.0,18.0,1608501018.0,Tag-abaca,168501018.0,Bgy,,,,R
16.0,85.0,1.0,19.0,1608501019.0,Benglen,168501019.0,Bgy,,,,R
16.0,85.0,1.0,20.0,1608501020.0,Diegas,168501020.0,Bgy,,,,R
16.0,85.0,1.0,21.0,1608501021.0,Edera,168501021.0,Bgy,,,,R
16.0,85.0,1.0,22.0,1608501022.0,New Nazareth,168501022.0,Bgy,,,,R
16.0,85.0,1.0,23.0,1608501023.0,Roma,168501023.0,Bgy,,,,R
16.0,85.0,1.0,24.0,1608501024.0,Santa Monica,168501024.0,Bgy,,,,R
16.0,85.0,1.0,25.0,1608501025.0,Santo Niño,168501025.0,Bgy,,,,R
16.0,85.0,1.0,26.0,1608501026.0,Sombrado,168501026.0,Bgy,,,,R
16.0,85.0,1.0,27.0,1608501027.0,Villa Ecleo,168501027.0,Bgy,,,,R
16.0,85.0,1.0,28.0,1608501028.0,Villa Pantinople,168501028.0,Bgy,,,,R
16.0,85.0,2.0,0.0,1608502000.0,Cagdianao,168502000.0,Mun,,,3rd,
16.0,85.0,2.0,1.0,1608502001.0,Boa,168502001.0,Bgy,,,,R
16.0,85.0,2.0,2.0,1608502002.0,Cabunga-an,168502002.0,Bgy,,,,R
16.0,85.0,2.0,3.0,1608502003.0,Del Pilar,168502003.0,Bgy,,,,R
16.0,85.0,2.0,4.0,1608502004.0,Laguna,168502004.0,Bgy,,,,R
16.0,85.0,2.0,5.0,1608502005.0,Legaspi,168502005.0,Bgy,,,,R
16.0,85.0,2.0,6.0,1608502006.0,Ma-atas,168502006.0,Bgy,,,,R
16.0,85.0,2.0,7.0,1608502007.0,Nueva Estrella,168502007.0,Bgy,,,,R
16.0,85.0,2.0,8.0,1608502008.0,Poblacion,168502008.0,Bgy,,,,R
16.0,85.0,2.0,9.0,1608502009.0,San Jose,168502009.0,Bgy,,,,R
16.0,85.0,2.0,10.0,1608502010.0,Santa Rita,168502010.0,Bgy,,,,R
16.0,85.0,2.0,11.0,1608502011.0,Tigbao,168502011.0,Bgy,,,,R
16.0,85.0,2.0,12.0,1608502012.0,Valencia,168502012.0,Bgy,,,,U
16.0,85.0,2.0,13.0,1608502013.0,Mabini,168502013.0,Bgy,Borja,,,R
16.0,85.0,2.0,14.0,1608502014.0,"R. Ecleo, Sr.",168502014.0,Bgy,,,,R
16.0,85.0,3.0,0.0,1608503000.0,Dinagat,168503000.0,Mun,,,5th,
16.0,85.0,3.0,2.0,1608503002.0,Cab-ilan,168503002.0,Bgy,,,,R
16.0,85.0,3.0,3.0,1608503003.0,Cabayawan,168503003.0,Bgy,,,,R
16.0,85.0,3.0,4.0,1608503004.0,Escolta ,168503004.0,Bgy,,,,R
16.0,85.0,3.0,5.0,1608503005.0,Gomez,168503005.0,Bgy,,,,R
16.0,85.0,3.0,7.0,1608503007.0,Magsaysay,168503007.0,Bgy,,,,R
16.0,85.0,3.0,9.0,1608503009.0,Mauswagon ,168503009.0,Bgy,,,,R
16.0,85.0,3.0,12.0,1608503012.0,White Beach ,168503012.0,Bgy,,,,R
16.0,85.0,3.0,14.0,1608503014.0,Bagumbayan,168503014.0,Bgy,,,,R
16.0,85.0,3.0,16.0,1608503016.0,New Mabuhay,168503016.0,Bgy,,,,R
16.0,85.0,3.0,21.0,1608503021.0,Wadas,168503021.0,Bgy,,,,R
16.0,85.0,3.0,22.0,1608503022.0,Cayetano,168503022.0,Bgy,,,,R
16.0,85.0,3.0,23.0,1608503023.0,Justiniana Edera,168503023.0,Bgy,,,,R
16.0,85.0,4.0,0.0,1608504000.0,Libjo,168504000.0,Mun,Albor,,5th,
16.0,85.0,4.0,1.0,1608504001.0,Albor ,168504001.0,Bgy,,,,R
16.0,85.0,4.0,2.0,1608504002.0,Arellano,168504002.0,Bgy,,,,R
16.0,85.0,4.0,3.0,1608504003.0,Bayanihan,168504003.0,Bgy,,,,R
16.0,85.0,4.0,4.0,1608504004.0,Doña Helen,168504004.0,Bgy,,,,R
16.0,85.0,4.0,5.0,1608504005.0,Garcia,168504005.0,Bgy,,,,R
16.0,85.0,4.0,6.0,1608504006.0,General Aguinaldo,168504006.0,Bgy,Bolod-bolod,,,R
16.0,85.0,4.0,7.0,1608504007.0,Kanihaan,168504007.0,Bgy,,,,R
16.0,85.0,4.0,8.0,1608504008.0,Magsaysay,168504008.0,Bgy,,,,R
16.0,85.0,4.0,9.0,1608504009.0,Osmeña,168504009.0,Bgy,,,,R
16.0,85.0,4.0,10.0,1608504010.0,Plaridel,168504010.0,Bgy,,,,R
16.0,85.0,4.0,11.0,1608504011.0,Quezon,168504011.0,Bgy,,,,R
16.0,85.0,4.0,12.0,1608504012.0,San Antonio ,168504012.0,Bgy,,,,U
16.0,85.0,4.0,13.0,1608504013.0,San Jose,168504013.0,Bgy,,,,R
16.0,85.0,4.0,14.0,1608504014.0,Santo Niño,168504014.0,Bgy,,,,R
16.0,85.0,4.0,15.0,1608504015.0,Llamera,168504015.0,Bgy,,,,R
16.0,85.0,4.0,16.0,1608504016.0,Rosita,168504016.0,Bgy,,,,R
16.0,85.0,5.0,0.0,1608505000.0,Loreto,168505000.0,Mun,,,4th*,
16.0,85.0,5.0,1.0,1608505001.0,Carmen ,168505001.0,Bgy,,,,R
16.0,85.0,5.0,2.0,1608505002.0,Esperanza,168505002.0,Bgy,,,,U
16.0,85.0,5.0,3.0,1608505003.0,Ferdinand,168505003.0,Bgy,,,,R
16.0,85.0,5.0,4.0,1608505004.0,Helene,168505004.0,Bgy,,,,R
16.0,85.0,5.0,6.0,1608505006.0,Liberty,168505006.0,Bgy,,,,R
16.0,85.0,5.0,8.0,1608505008.0,Magsaysay,168505008.0,Bgy,,,,R
16.0,85.0,5.0,11.0,1608505011.0,Panamaon,168505011.0,Bgy,,,,R
16.0,85.0,5.0,13.0,1608505013.0,San Juan ,168505013.0,Bgy,,,,R
16.0,85.0,5.0,15.0,1608505015.0,Santa Cruz ,168505015.0,Bgy,,,,R
16.0,85.0,5.0,17.0,1608505017.0,Santiago ,168505017.0,Bgy,,,,R
16.0,85.0,6.0,0.0,1608506000.0,San Jose ,168506000.0,Mun,,,4th*,
16.0,85.0,6.0,1.0,1608506001.0,Aurelio,168506001.0,Bgy,,,,R
16.0,85.0,6.0,2.0,1608506002.0,Cuarinta,168506002.0,Bgy,,,,R
16.0,85.0,6.0,3.0,1608506003.0,Don Ruben Ecleo,168506003.0,Bgy,Baltazar,,,R
16.0,85.0,6.0,4.0,1608506004.0,Jacquez,168506004.0,Bgy,,,,R
16.0,85.0,6.0,5.0,1608506005.0,Justiniana Edera,168506005.0,Bgy,,,,R
16.0,85.0,6.0,6.0,1608506006.0,Luna,168506006.0,Bgy,,,,R
16.0,85.0,6.0,7.0,1608506007.0,Mahayahay,168506007.0,Bgy,,,,R
16.0,85.0,6.0,8.0,1608506008.0,Matingbe,168506008.0,Bgy,,,,R
16.0,85.0,6.0,9.0,1608506009.0,San Jose ,168506009.0,Bgy,,,,U
16.0,85.0,6.0,10.0,1608506010.0,San Juan,168506010.0,Bgy,,,,R
16.0,85.0,6.0,11.0,1608506011.0,Santa Cruz,168506011.0,Bgy,,,,R
16.0,85.0,6.0,12.0,1608506012.0,Wilson,168506012.0,Bgy,,,,U
16.0,85.0,7.0,0.0,1608507000.0,Tubajon,168507000.0,Mun,,,5th*,
16.0,85.0,7.0,1.0,1608507001.0,Imelda,168507001.0,Bgy,,,,R
16.0,85.0,7.0,2.0,1608507002.0,Mabini,168507002.0,Bgy,,,,R
16.0,85.0,7.0,3.0,1608507003.0,Malinao,168507003.0,Bgy,,,,R
16.0,85.0,7.0,4.0,1608507004.0,Navarro,168507004.0,Bgy,,,,R
16.0,85.0,7.0,5.0,1608507005.0,Diaz,168507005.0,Bgy,Romualdez,,,R
16.0,85.0,7.0,6.0,1608507006.0,Roxas,168507006.0,Bgy,,,,R
16.0,85.0,7.0,7.0,1608507007.0,San Roque ,168507007.0,Bgy,,,,R
16.0,85.0,7.0,8.0,1608507008.0,San Vicente ,168507008.0,Bgy,,,,R
16.0,85.0,7.0,9.0,1608507009.0,Santa Cruz ,168507009.0,Bgy,,,,R
16.0,2.0,2.0,0.0,1630400000.0,City of Butuan ,160202000.0,City,,HUC,1st,
16.0,2.0,2.0,2.0,1630400002.0,Agao Pob.,160202002.0,Bgy,Bgy. 3,,,R
16.0,2.0,2.0,3.0,1630400003.0,Agusan Pequeño,160202003.0,Bgy,,,,U
16.0,2.0,2.0,4.0,1630400004.0,Ambago,160202004.0,Bgy,,,,U
16.0,2.0,2.0,6.0,1630400006.0,Amparo,160202006.0,Bgy,,,,U
16.0,2.0,2.0,7.0,1630400007.0,Ampayon,160202007.0,Bgy,,,,U
16.0,2.0,2.0,8.0,1630400008.0,Anticala,160202008.0,Bgy,,,,R
16.0,2.0,2.0,9.0,1630400009.0,Antongalon,160202009.0,Bgy,,,,R
16.0,2.0,2.0,10.0,1630400010.0,Aupagan,160202010.0,Bgy,,,,R
16.0,2.0,2.0,12.0,1630400012.0,Baan KM 3,160202012.0,Bgy,,,,U
16.0,2.0,2.0,13.0,1630400013.0,Babag,160202013.0,Bgy,,,,R
16.0,2.0,2.0,14.0,1630400014.0,Bading Pob.,160202014.0,Bgy,Bgy. 22,,,U
16.0,2.0,2.0,16.0,1630400016.0,Bancasi,160202016.0,Bgy,,,,U
16.0,2.0,2.0,17.0,1630400017.0,Banza,160202017.0,Bgy,,,,U
16.0,2.0,2.0,18.0,1630400018.0,Baobaoan,160202018.0,Bgy,,,,R
16.0,2.0,2.0,19.0,1630400019.0,Basag,160202019.0,Bgy,,,,R
16.0,2.0,2.0,20.0,1630400020.0,Bayanihan Pob.,160202020.0,Bgy,Bgy. 27,,,U
16.0,2.0,2.0,21.0,1630400021.0,Bilay,160202021.0,Bgy,,,,R
16.0,2.0,2.0,22.0,1630400022.0,Bit-os,160202022.0,Bgy,,,,R
16.0,2.0,2.0,23.0,1630400023.0,Bitan-agan,160202023.0,Bgy,,,,R
16.0,2.0,2.0,24.0,1630400024.0,Bobon,160202024.0,Bgy,,,,R
16.0,2.0,2.0,25.0,1630400025.0,Bonbon,160202025.0,Bgy,,,,U
16.0,2.0,2.0,26.0,1630400026.0,Bugabus,160202026.0,Bgy,,,,R
16.0,2.0,2.0,27.0,1630400027.0,Buhangin Pob.,160202027.0,Bgy,Bgy. 19,,,U
16.0,2.0,2.0,29.0,1630400029.0,Cabcabon,160202029.0,Bgy,,,,R
16.0,2.0,2.0,31.0,1630400031.0,Camayahan,160202031.0,Bgy,,,,R
16.0,2.0,2.0,33.0,1630400033.0,Baan Riverside Pob.,160202033.0,Bgy,Bgy. 20,,,U
16.0,2.0,2.0,36.0,1630400036.0,Dankias,160202036.0,Bgy,,,,R
16.0,2.0,2.0,37.0,1630400037.0,Imadejas Pob.,160202037.0,Bgy,Bgy. 24,,,U
16.0,2.0,2.0,38.0,1630400038.0,Diego Silang Pob.,160202038.0,Bgy,Bgy. 6,,,U
16.0,2.0,2.0,39.0,1630400039.0,Doongan,160202039.0,Bgy,,,,U
16.0,2.0,2.0,40.0,1630400040.0,Dumalagan,160202040.0,Bgy,,,,R
16.0,2.0,2.0,43.0,1630400043.0,Golden Ribbon Pob.,160202043.0,Bgy,Bgy. 2,,,U
16.0,2.0,2.0,44.0,1630400044.0,Dagohoy Pob.,160202044.0,Bgy,Bgy. 7,,,U
16.0,2.0,2.0,45.0,1630400045.0,Jose Rizal Pob.,160202045.0,Bgy,Bgy. 25,,,U
16.0,2.0,2.0,47.0,1630400047.0,Holy Redeemer Pob.,160202047.0,Bgy,Bgy. 23,,,U
16.0,2.0,2.0,48.0,1630400048.0,Humabon Pob.,160202048.0,Bgy,Bgy. 11,,,U
16.0,2.0,2.0,49.0,1630400049.0,Kinamlutan,160202049.0,Bgy,,,,R
16.0,2.0,2.0,51.0,1630400051.0,Lapu-lapu Pob.,160202051.0,Bgy,Bgy. 8,,,U
16.0,2.0,2.0,52.0,1630400052.0,Lemon,160202052.0,Bgy,,,,R
16.0,2.0,2.0,53.0,1630400053.0,Leon Kilat Pob.,160202053.0,Bgy,Bgy. 13,,,U
16.0,2.0,2.0,54.0,1630400054.0,Libertad,160202054.0,Bgy,,,,U
16.0,2.0,2.0,55.0,1630400055.0,Limaha Pob.,160202055.0,Bgy,Bgy. 14,,,U
16.0,2.0,2.0,56.0,1630400056.0,Los Angeles,160202056.0,Bgy,,,,U
16.0,2.0,2.0,57.0,1630400057.0,Lumbocan,160202057.0,Bgy,,,,R
16.0,2.0,2.0,60.0,1630400060.0,Maguinda,160202060.0,Bgy,,,,R
16.0,2.0,2.0,61.0,1630400061.0,Mahay,160202061.0,Bgy,,,,R
16.0,2.0,2.0,62.0,1630400062.0,Mahogany Pob.,160202062.0,Bgy,Bgy. 21,,,U
16.0,2.0,2.0,63.0,1630400063.0,Maibu,160202063.0,Bgy,,,,R
16.0,2.0,2.0,64.0,1630400064.0,Mandamo,160202064.0,Bgy,,,,R
16.0,2.0,2.0,65.0,1630400065.0,Manila de Bugabus,160202065.0,Bgy,,,,R
16.0,2.0,2.0,66.0,1630400066.0,Maon Pob.,160202066.0,Bgy,Bgy. 1,,,U
16.0,2.0,2.0,67.0,1630400067.0,Masao,160202067.0,Bgy,,,,R
16.0,2.0,2.0,68.0,1630400068.0,Maug,160202068.0,Bgy,,,,R
16.0,2.0,2.0,69.0,1630400069.0,Port Poyohon Pob.,160202069.0,Bgy,Bgy. 17 - New Asia,,,U
16.0,2.0,2.0,70.0,1630400070.0,New Society Village Pob.,160202070.0,Bgy,Bgy. 26,,,U
16.0,2.0,2.0,71.0,1630400071.0,Ong Yiu Pob.,160202071.0,Bgy,Bgy. 16,,,U
16.0,2.0,2.0,72.0,1630400072.0,Pianing,160202072.0,Bgy,,,,R
16.0,2.0,2.0,73.0,1630400073.0,Pinamanculan,160202073.0,Bgy,,,,R
16.0,2.0,2.0,74.0,1630400074.0,Rajah Soliman Pob.,160202074.0,Bgy,Bgy. 4,,,R
16.0,2.0,2.0,75.0,1630400075.0,San Ignacio Pob.,160202075.0,Bgy,Bgy. 15,,,U
16.0,2.0,2.0,76.0,1630400076.0,San Mateo,160202076.0,Bgy,,,,R
16.0,2.0,2.0,77.0,1630400077.0,San Vicente,160202077.0,Bgy,,,,U
16.0,2.0,2.0,78.0,1630400078.0,Sikatuna Pob.,160202078.0,Bgy,Bgy. 10,,,U
16.0,2.0,2.0,79.0,1630400079.0,Silongan Pob.,160202079.0,Bgy,Bgy. 5,,,R
16.0,2.0,2.0,80.0,1630400080.0,Sumilihon,160202080.0,Bgy,,,,R
16.0,2.0,2.0,82.0,1630400082.0,Tagabaca,160202082.0,Bgy,,,,R
16.0,2.0,2.0,83.0,1630400083.0,Taguibo,160202083.0,Bgy,,,,U
16.0,2.0,2.0,84.0,1630400084.0,Taligaman,160202084.0,Bgy,,,,U
16.0,2.0,2.0,85.0,1630400085.0,Tandang Sora Pob.,160202085.0,Bgy,Bgy. 12,,,U
16.0,2.0,2.0,86.0,1630400086.0,Tiniwisan,160202086.0,Bgy,,,,U
16.0,2.0,2.0,87.0,1630400087.0,Tungao,160202087.0,Bgy,,,,R
16.0,2.0,2.0,89.0,1630400089.0,Urduja Pob.,160202089.0,Bgy,Bgy. 9,,,U
16.0,2.0,2.0,90.0,1630400090.0,Villa Kananga,160202090.0,Bgy,,,,U
16.0,2.0,2.0,91.0,1630400091.0,Obrero Pob.,160202091.0,Bgy,Bgy. 18,,,U
16.0,2.0,2.0,92.0,1630400092.0,Bugsukan,160202092.0,Bgy,,,,R
16.0,2.0,2.0,93.0,1630400093.0,De Oro,160202093.0,Bgy,,,,R
16.0,2.0,2.0,94.0,1630400094.0,Dulag,160202094.0,Bgy,,,,R
16.0,2.0,2.0,95.0,1630400095.0,Florida,160202095.0,Bgy,,,,R
16.0,2.0,2.0,96.0,1630400096.0,Nong-nong,160202096.0,Bgy,,,,R
16.0,2.0,2.0,97.0,1630400097.0,Pagatpatan,160202097.0,Bgy,,,,U
16.0,2.0,2.0,98.0,1630400098.0,Pangabugan,160202098.0,Bgy,,,,R
16.0,2.0,2.0,99.0,1630400099.0,Salvacion,160202099.0,Bgy,,,,R
16.0,2.0,2.0,100.0,1630400100.0,Santo Niño,160202100.0,Bgy,,,,R
16.0,2.0,2.0,101.0,1630400101.0,Sumile,160202101.0,Bgy,,,,R
16.0,2.0,2.0,102.0,1630400102.0,Don Francisco,160202102.0,Bgy,,,,R
16.0,2.0,2.0,103.0,1630400103.0,Pigdaulan,160202103.0,Bgy,,,,R
